loc;cam;tens;umid;ds
1;[0, 5);0;0.648300311862657;1.4527674527392
1;[0, 5);2;0.584189726151947;1.4527674527392
1;[0, 5);4;0.532229775139527;1.4527674527392
1;[0, 5);6;0.457567322453989;1.4527674527392
1;[0, 5);8;0.416638868733436;1.4527674527392
1;[0, 5);10;0.390578954841053;1.4527674527392
1;[0, 5);33;0.262677536964327;1.4527674527392
1;[0, 5);66;0.25628246607049;1.4527674527392
1;[0, 5);100;0.246689859729736;1.4527674527392
1;[0, 5);300;0.245570722323315;1.4527674527392
1;[0, 5);1500;0.199845965432385;1.4527674527392
1;[5, 40);0;0.581848293831492;1.66920212480154
1;[5, 40);2;0.541335227373786;1.66920212480154
1;[5, 40);4;0.468375044341356;1.66920212480154
1;[5, 40);6;0.422912417728183;1.66920212480154
1;[5, 40);8;0.422362466599798;1.66920212480154
1;[5, 40);10;0.415579736016381;1.66920212480154
1;[5, 40);33;0.240328643104312;1.66920212480154
1;[5, 40);66;0.227496450108659;1.66920212480154
1;[5, 40);100;0.211364550342694;1.66920212480154
1;[5, 40);300;0.208248160615178;1.66920212480154
1;[5, 40);1500;0.174151190655298;1.66920212480154
1;[40, 80);0;0.644967933796101;1.5597304210943
1;[40, 80);2;0.580859167161909;1.5597304210943
1;[40, 80);4;0.512532718512308;1.5597304210943
1;[40, 80);6;0.451966804771058;1.5597304210943
1;[40, 80);8;0.418394055928415;1.5597304210943
1;[40, 80);10;0.375036284810027;1.5597304210943
1;[40, 80);33;0.255591530133689;1.5597304210943
1;[40, 80);66;0.232141218128024;1.5597304210943
1;[40, 80);100;0.218982050239953;1.5597304210943
1;[40, 80);300;0.201773907617091;1.5597304210943
1;[40, 80);1500;0.17950454657574;1.5597304210943
2;[0, 5);0;0.624782081680015;1.60963688439193
2;[0, 5);2;0.525460440931554;1.60963688439193
2;[0, 5);4;0.452193244675208;1.60963688439193
2;[0, 5);6;0.34185529518176;1.60963688439193
2;[0, 5);8;0.290096130284675;1.60963688439193
2;[0, 5);10;0.264566271923275;1.60963688439193
2;[0, 5);33;0.21560489972333;1.60963688439193
2;[0, 5);66;0.182381111444796;1.60963688439193
2;[0, 5);100;0.162271976434104;1.60963688439193
2;[0, 5);300;0.193047696102641;1.60963688439193
2;[0, 5);1500;0.139365048726273;1.64648020639988
2;[5, 40);0;0.654372800437128;1.64648020639988
2;[5, 40);2;0.564866228329666;1.64648020639988
2;[5, 40);4;0.496451303906932;1.64648020639988
2;[5, 40);6;0.349518733061218;1.64648020639988
2;[5, 40);8;0.306094752533835;1.64648020639988
2;[5, 40);10;0.285180345585953;1.64648020639988
2;[5, 40);33;0.219955754426456;1.64648020639988
2;[5, 40);66;0.187520699583554;1.64648020639988
2;[5, 40);100;0.168024218530443;1.64648020639988
2;[5, 40);300;0.15916218168812;1.64648020639988
2;[5, 40);1500;0.142856033898246;1.64648020639988
2;[40, 80);0;0.656655682927125;1.55639799460097
2;[40, 80);2;0.584983809771358;1.55639799460097
2;[40, 80);4;0.482186827381281;1.55639799460097
2;[40, 80);6;0.393522327021918;1.55639799460097
2;[40, 80);8;0.358191121945132;1.55639799460097
2;[40, 80);10;0.333122790723983;1.55639799460097
2;[40, 80);33;0.235036635677477;1.55639799460097
2;[40, 80);66;0.203911526443166;1.55639799460097
2;[40, 80);100;0.179516170556813;1.55639799460097
2;[40, 80);300;0.208454109953038;1.55639799460097
2;[40, 80);1500;0.15360662016717;1.55639799460097
3;[0, 5);0;0.657020719181781;1.61184264957837
3;[0, 5);2;0.593802230738173;1.61184264957837
3;[0, 5);4;0.500190238235139;1.61184264957837
3;[0, 5);6;0.436971749791531;1.61184264957837
3;[0, 5);8;0.40102057641838;1.61184264957837
3;[0, 5);10;0.376532096004785;1.61184264957837
3;[0, 5);33;0.28378848933202;1.61184264957837
3;[0, 5);66;0.253916016770754;1.61184264957837
3;[0, 5);100;0.248879378955192;1.61184264957837
3;[0, 5);300;0.246447898630438;1.61184264957837
3;[0, 5);1500;0.180103221197861;1.61184264957837
3;[5, 40);0;0.59005314379082;1.70710967132877
3;[5, 40);2;0.522427405648547;1.70710967132877
3;[5, 40);4;0.478024791868319;1.70710967132877
3;[5, 40);6;0.436223168016639;1.70710967132877
3;[5, 40);8;0.401109803981228;1.70710967132877
3;[5, 40);10;0.377700894624288;1.70710967132877
3;[5, 40);33;0.285737322150592;1.70710967132877
3;[5, 40);66;0.25118131309987;1.70710967132877
3;[5, 40);100;0.238919503436711;1.70710967132877
3;[5, 40);300;0.238919503436711;1.70710967132877
3;[5, 40);1500;0.174080540217883;1.70710967132877
3;[40, 80);0;0.633203538406955;1.51300990437057
3;[40, 80);2;0.540623237665143;1.51300990437057
3;[40, 80);4;0.489679580114094;1.51300990437057
3;[40, 80);6;0.451308555997118;1.51300990437057
3;[40, 80);8;0.423877355777322;1.51300990437057
3;[40, 80);10;0.40673285563995;1.51300990437057
3;[40, 80);33;0.338644697951528;1.51300990437057
3;[40, 80);66;0.314152554898139;1.51300990437057
3;[40, 80);100;0.303702573862026;1.51300990437057
3;[40, 80);300;0.289986973752128;1.51300990437057
3;[40, 80);1500;0.250636263913016;1.51300990437057
4;[0, 5);0;0.669152413662307;1.48797966830814
4;[0, 5);2;0.594838046138246;1.48797966830814
4;[0, 5);4;0.529893751041132;1.48797966830814
4;[0, 5);6;0.447663287846029;1.48797966830814
4;[0, 5);8;0.341846090610681;1.48797966830814
4;[0, 5);10;0.307112201441827;1.48797966830814
4;[0, 5);33;0.227789691758535;1.48797966830814
4;[0, 5);66;0.191278719888018;1.48797966830814
4;[0, 5);100;0.188532319349085;1.48797966830814
4;[0, 5);300;0.179808458813652;1.48797966830814
4;[0, 5);1500;0.173830998817152;1.48797966830814
4;[5, 40);0;0.603840483386668;1.62409709731726
4;[5, 40);2;0.508331530915891;1.62409709731726
4;[5, 40);4;0.442734722900248;1.62409709731726
4;[5, 40);6;0.355972011498224;1.62409709731726
4;[5, 40);8;0.315214528117838;1.62409709731726
4;[5, 40);10;0.296497572230707;1.62409709731726
4;[5, 40);33;0.223029147253187;1.62409709731726
4;[5, 40);66;0.204836965830182;1.62409709731726
4;[5, 40);100;0.171601249768923;1.62409709731726
4;[5, 40);300;0.186994634049927;1.62409709731726
4;[5, 40);1500;0.140814481206914;1.62409709731726
4;[40, 80);0;0.601974967045451;1.58027579184973
4;[40, 80);2;0.601974967045451;1.58027579184973
4;[40, 80);4;0.601974967045451;1.58027579184973
4;[40, 80);6;0.601974967045451;1.58027579184973
4;[40, 80);8;0.601974967045451;1.58027579184973
4;[40, 80);10;0.601974967045451;1.58027579184973
4;[40, 80);33;0.601974967045451;1.58027579184973
4;[40, 80);66;0.601974967045451;1.58027579184973
4;[40, 80);100;0.601974967045451;1.58027579184973
4;[40, 80);300;0.601974967045451;1.58027579184973
4;[40, 80);1500;0.601974967045451;1.58027579184973
5;[0, 5);0;0.580021251068123;1.67274997159298
5;[0, 5);2;0.518266475907289;1.67274997159298
5;[0, 5);4;0.492398693981513;1.67274997159298
5;[0, 5);6;0.475821453451613;1.67274997159298
5;[0, 5);8;0.455965198311404;1.67274997159298
5;[0, 5);10;0.445763819523774;1.67274997159298
5;[0, 5);33;0.371439488356754;1.67274997159298
5;[0, 5);66;0.321525599288705;1.67274997159298
5;[0, 5);100;0.293653975101072;1.67274997159298
5;[0, 5);300;0.288553285707257;1.67274997159298
5;[0, 5);1500;0.268514863088698;1.67274997159298
5;[5, 40);0;0.560061114907992;1.68293729084619
5;[5, 40);2;0.511194283928345;1.68293729084619
5;[5, 40);4;0.458512570232816;1.68293729084619
5;[5, 40);6;0.455242670762059;1.68293729084619
5;[5, 40);8;0.435804935019225;1.68293729084619
5;[5, 40);10;0.424541947953284;1.68293729084619
5;[5, 40);33;0.356237381230805;1.68293729084619
5;[5, 40);66;0.317361909745138;1.68293729084619
5;[5, 40);100;0.289204442080286;1.68293729084619
5;[5, 40);300;0.283027965302189;1.68293729084619
5;[5, 40);1500;0.262136940905686;1.68293729084619
5;[40, 80);0;0.62616446539968;1.42599066754728
5;[40, 80);2;0.560748913692081;1.42599066754728
5;[40, 80);4;0.522087240106031;1.42599066754728
5;[40, 80);6;0.49115790123719;1.42599066754728
5;[40, 80);8;0.461311089228759;1.42599066754728
5;[40, 80);10;0.44259883921311;1.42599066754728
5;[40, 80);33;0.352749109799128;1.42599066754728
5;[40, 80);66;0.311767735797914;1.42599066754728
5;[40, 80);100;0.285323151065055;1.42599066754728
5;[40, 80);300;0.260579679969983;1.42599066754728
5;[40, 80);1500;0.239547729539171;1.42599066754728
6;[0, 5);0;0.655523847321304;1.55248913831379
6;[0, 5);2;0.544526757373435;1.55248913831379
6;[0, 5);4;0.445843934243491;1.55248913831379
6;[0, 5);6;0.400972770222012;1.55248913831379
6;[0, 5);8;0.386802928952072;1.55248913831379
6;[0, 5);10;0.351884391536861;1.55248913831379
6;[0, 5);33;0.236164021165678;1.55248913831379
6;[0, 5);66;0.224861885867035;1.55248913831379
6;[0, 5);100;0.219801228270628;1.55248913831379
6;[0, 5);300;0.218451719578252;1.55248913831379
6;[0, 5);1500;0.178303835980087;1.55248913831379
6;[5, 40);0;0.599844739744753;1.64352833137878
6;[5, 40);2;0.529865843992299;1.64352833137878
6;[5, 40);4;0.480162884701453;1.64352833137878
6;[5, 40);6;0.458630916777622;1.64352833137878
6;[5, 40);8;0.457733751447462;1.64352833137878
6;[5, 40);10;0.407133626826457;1.64352833137878
6;[5, 40);33;0.272917693434571;1.64352833137878
6;[5, 40);66;0.266637536123453;1.64352833137878
6;[5, 40);100;0.259280780416143;1.64352833137878
6;[5, 40);300;0.247258764992004;1.64352833137878
6;[5, 40);1500;0.204912561408468;1.64352833137878
6;[40, 80);0;0.635845276899534;1.50214117249931
6;[40, 80);2;0.555840391729019;1.50214117249931
6;[40, 80);4;0.512773245881182;1.50214117249931
6;[40, 80);6;0.479868010851374;1.50214117249931
6;[40, 80);8;0.458415088013312;1.50214117249931
6;[40, 80);10;0.439381667750971;1.50214117249931
6;[40, 80);33;0.320342141025488;1.50214117249931
6;[40, 80);66;0.303728223338869;1.50214117249931
6;[40, 80);100;0.292437211318837;1.50214117249931
6;[40, 80);300;0.270339087793916;1.50214117249931
6;[40, 80);1500;0.24533756117813;1.50214117249931
7;[0, 5);0;0.521656288406312;1.62571271333369
7;[0, 5);2;0.446383736723521;1.62571271333369
7;[0, 5);4;0.336625853223267;1.62571271333369
7;[0, 5);6;0.236670906686354;1.62571271333369
7;[0, 5);8;0.196583896604123;1.62571271333369
7;[0, 5);10;0.166649928376782;1.62571271333369
7;[0, 5);33;0.137766274824083;1.62571271333369
7;[0, 5);66;0.100129998982688;1.62571271333369
7;[0, 5);100;0.0908522193566696;1.62571271333369
7;[0, 5);300;0.0787736005982685;1.62571271333369
7;[0, 5);1500;0.0539161532983707;1.62571271333369
7;[5, 40);0;0.674336383988155;1.59403966949223
7;[5, 40);2;0.597369325893528;1.59403966949223
7;[5, 40);4;0.486641717316485;1.59403966949223
7;[5, 40);6;0.380637087304339;1.59403966949223
7;[5, 40);8;0.372765456362843;1.59403966949223
7;[5, 40);10;0.347401312218022;1.59403966949223
7;[5, 40);33;0.257489794352935;1.59403966949223
7;[5, 40);66;0.220755516625954;1.59403966949223
7;[5, 40);100;0.210609858968026;1.59403966949223
7;[5, 40);300;0.198540024857732;1.59403966949223
7;[5, 40);1500;0.173700656109011;1.59403966949223
7;[40, 80);0;0.633554791889092;1.39534937699111
7;[40, 80);2;0.558448870097268;1.39534937699111
7;[40, 80);4;0.477740288816942;1.39534937699111
7;[40, 80);6;0.409751258807811;1.39534937699111
7;[40, 80);8;0.36916983332352;1.39534937699111
7;[40, 80);10;0.337976648063206;1.39534937699111
7;[40, 80);33;0.259387991994745;1.39534937699111
7;[40, 80);66;0.20729840107461;1.39534937699111
7;[40, 80);100;0.182464991449894;1.39534937699111
7;[40, 80);300;0.176710908731972;1.39534937699111
7;[40, 80);1500;0.145971993159915;1.39534937699111
8;[0, 5);0;0.665829074530943;1.50769691540462
8;[0, 5);2;0.592231387536158;1.50769691540462
8;[0, 5);4;0.548697041434332;1.50769691540462
8;[0, 5);6;0.465735363013871;1.50769691540462
8;[0, 5);8;0.405444400676626;1.50769691540462
8;[0, 5);10;0.367824154422595;1.50769691540462
8;[0, 5);33;0.28453391489948;1.50769691540462
8;[0, 5);66;0.242806654862258;1.50769691540462
8;[0, 5);100;0.241328129900309;1.50769691540462
8;[0, 5);300;0.220300219330371;1.50769691540462
8;[0, 5);1500;0.20847201963478;1.50769691540462
8;[5, 40);0;0.675057389650017;1.59584491401377
8;[5, 40);2;0.565457803212601;1.59584491401377
8;[5, 40);4;0.487320558623149;1.59584491401377
8;[5, 40);6;0.411949234196156;1.59584491401377
8;[5, 40);8;0.374609312002967;1.59584491401377
8;[5, 40);10;0.276419146235692;1.59584491401377
8;[5, 40);33;0.25031577470249;1.59584491401377
8;[5, 40);66;0.223693793138827;1.59584491401377
8;[5, 40);100;0.207098272164077;1.59584491401377
8;[5, 40);300;0.203640871961004;1.59584491401377
8;[5, 40);1500;0.162670679554588;1.59584491401377
8;[40, 80);0;0.681642617292476;1.36313688691496
8;[40, 80);2;0.534598571800102;1.36313688691496
8;[40, 80);4;0.436716399375249;1.36313688691496
8;[40, 80);6;0.37254102016136;1.36313688691496
8;[40, 80);8;0.339275800660582;1.36313688691496
8;[40, 80);10;0.31498924660028;1.36313688691496
8;[40, 80);33;0.226968887036276;1.36313688691496
8;[40, 80);66;0.203565480396349;1.36313688691496
8;[40, 80);100;0.191642990221292;1.36313688691496
8;[40, 80);300;0.17383285057707;1.36313688691496
8;[40, 80);1500;0.148368766622936;1.36313688691496
9;[0, 5);0;0.598227447916935;1.58808687695302
9;[0, 5);2;0.508210420070448;1.58808687695302
9;[0, 5);4;0.427280825511322;1.58808687695302
9;[0, 5);6;0.342750549838335;1.58808687695302
9;[0, 5);8;0.292855397260569;1.58808687695302
9;[0, 5);10;0.272451537615365;1.58808687695302
9;[0, 5);33;0.179348211671285;1.58808687695302
9;[0, 5);66;0.14694208164655;1.58808687695302
9;[0, 5);100;0.139740719418831;1.58808687695302
9;[0, 5);300;0.135111272272441;1.58808687695302
9;[0, 5);1500;0.121908774854956;1.58808687695302
9;[5, 40);0;0.551723452960127;1.57991885002063
9;[5, 40);2;0.467984282819966;1.57991885002063
9;[5, 40);4;0.388849914296473;1.57991885002063
9;[5, 40);6;0.374182768406343;1.57991885002063
9;[5, 40);8;0.348088892578553;1.57991885002063
9;[5, 40);10;0.331716264608175;1.57991885002063
9;[5, 40);33;0.228364050545165;1.57991885002063
9;[5, 40);66;0.199711951597004;1.57991885002063
9;[5, 40);100;0.166455051032174;1.57991885002063
9;[5, 40);300;0.257016149493327;1.57991885002063
9;[5, 40);1500;0.133880343299443;1.57991885002063
9;[40, 80);0;0.837492261715174;2.3446224263249
9;[40, 80);2;0.74797953824927;2.3446224263249
9;[40, 80);4;0.679123597121653;2.3446224263249
9;[40, 80);6;0.611287744010741;2.3446224263249
9;[40, 80);8;0.556713035116999;2.3446224263249
9;[40, 80);10;0.524580262590777;2.3446224263249
9;[40, 80);33;0.394264018456656;2.3446224263249
9;[40, 80);66;0.374117280126723;2.3446224263249
9;[40, 80);100;0.358050893863613;2.3446224263249
9;[40, 80);300;0.351675343759204;2.3446224263249
9;[40, 80);1500;0.348870101713264;2.3446224263249
10;[0, 5);0;0.700950528398908;1.64525962597553
10;[0, 5);2;0.55565546088765;1.64525962597553
10;[0, 5);4;0.481936956118425;1.64525962597553
10;[0, 5);6;0.337891354789695;1.64525962597553
10;[0, 5);8;0.282914842758408;1.64525962597553
10;[0, 5);10;0.250250226843715;1.64525962597553
10;[0, 5);33;0.178852159270615;1.64525962597553
10;[0, 5);66;0.155290796971492;1.64525962597553
10;[0, 5);100;0.13761977524715;1.64525962597553
10;[0, 5);300;0.130658463658773;1.64525962597553
10;[0, 5);1500;0.117628316326682;1.64525962597553
10;[5, 40);0;0.567229879759658;1.68971662889094
10;[5, 40);2;0.485779613702734;1.68971662889094
10;[5, 40);4;0.413460543392101;1.68971662889094
10;[5, 40);6;0.355386138445684;1.68971662889094
10;[5, 40);8;0.331827653420251;1.68971662889094
10;[5, 40);10;0.309364911884373;1.68971662889094
10;[5, 40);33;0.234489106764779;1.68971662889094
10;[5, 40);66;0.203443041227386;1.68971662889094
10;[5, 40);100;0.187189512798986;1.68971662889094
10;[5, 40);300;0.178606188797472;1.68971662889094
10;[5, 40);1500;0.160343797304888;1.68971662889094
10;[40, 80);0;0.64107126932267;1.45054215052612
10;[40, 80);2;0.540559732298453;1.45054215052612
10;[40, 80);4;0.483789327127367;1.45054215052612
10;[40, 80);6;0.44035841606752;1.45054215052612
10;[40, 80);8;0.415230531811465;1.45054215052612
10;[40, 80);10;0.393825297074827;1.45054215052612
10;[40, 80);33;0.329144261674983;1.45054215052612
10;[40, 80);66;0.27656183721324;1.45054215052612
10;[40, 80);100;0.240576225192224;1.45054215052612
10;[40, 80);300;0.228632724650766;1.45054215052612
10;[40, 80);1500;0.192957333423034;1.45054215052612
11;[0, 5);0;0.616016663370623;1.67717931294641
11;[0, 5);2;0.533577801182471;1.67717931294641
11;[0, 5);4;0.497544921020763;1.67717931294641
11;[0, 5);6;0.471521174237307;1.67717931294641
11;[0, 5);8;0.453504734156452;1.67717931294641
11;[0, 5);10;0.42820892434596;1.67717931294641
11;[0, 5);33;0.304823607428594;1.67717931294641
11;[0, 5);66;0.289900899482837;1.67717931294641
11;[0, 5);100;0.278071923672175;1.67717931294641
11;[0, 5);300;0.275524144266801;1.67717931294641
11;[0, 5);1500;0.220928871294515;1.67717931294641
11;[5, 40);0;0.65536256021488;1.6038276217099
11;[5, 40);2;0.587795800534606;1.6038276217099
11;[5, 40);4;0.570641545486247;1.6038276217099
11;[5, 40);6;0.557163202233964;1.6038276217099
11;[5, 40);8;0.549461291804088;1.6038276217099
11;[5, 40);10;0.533007210431172;1.6038276217099
11;[5, 40);33;0.462989842886847;1.6038276217099
11;[5, 40);66;0.451787064079755;1.6038276217099
11;[5, 40);100;0.439534024759498;1.6038276217099
11;[5, 40);300;0.423780117062026;1.6038276217099
11;[5, 40);1500;0.390871954316193;1.6038276217099
11;[40, 80);0;0.765960032418405;1.54533239057225
11;[40, 80);2;0.707297885515463;1.54533239057225
11;[40, 80);4;0.675285113919858;1.54533239057225
11;[40, 80);6;0.652658285828723;1.54533239057225
11;[40, 80);8;0.640255431912101;1.54533239057225
11;[40, 80);10;0.622153969439194;1.54533239057225
11;[40, 80);33;0.43259143187569;1.54533239057225
11;[40, 80);66;0.410132209918563;1.54533239057225
11;[40, 80);100;0.399740629610042;1.54533239057225
11;[40, 80);300;0.38314762234321;1.54533239057225
11;[40, 80);1500;0.348117940335454;1.54533239057225
12;[0, 5);0;0.639546690969879;1.56751915589086
12;[0, 5);2;0.566334307488333;1.56751915589086
12;[0, 5);4;0.479362752169189;1.56751915589086
12;[0, 5);6;0.438934568251306;1.56751915589086
12;[0, 5);8;0.401224245437146;1.56751915589086
12;[0, 5);10;0.380670420840238;1.56751915589086
12;[0, 5);33;0.29471806343499;1.56751915589086
12;[0, 5);66;0.273484773562152;1.56751915589086
12;[0, 5);100;0.268049051354706;1.56751915589086
12;[0, 5);300;0.268049051354706;1.56751915589086
12;[0, 5);1500;0.206217711245002;1.56751915589086
12;[5, 40);0;0.514897502820413;1.55467275160606
12;[5, 40);2;0.383974156176852;1.55467275160606
12;[5, 40);4;0.344900134116564;1.55467275160606
12;[5, 40);6;0.320203998961578;1.55467275160606
12;[5, 40);8;0.285866221999507;1.55467275160606
12;[5, 40);10;0.262861602951025;1.55467275160606
12;[5, 40);33;0.143609717442356;1.55467275160606
12;[5, 40);66;0.123311524164284;1.55467275160606
12;[5, 40);100;0.117391217791513;1.55467275160606
12;[5, 40);300;0.100306905115803;1.55467275160606
12;[5, 40);1500;0.0473624509821661;1.55467275160606
12;[40, 80);0;0.49571057038932;1.70024858838791
12;[40, 80);2;0.42318106399952;1.70024858838791
12;[40, 80);4;0.401588310188817;1.70024858838791
12;[40, 80);6;0.380733770183607;1.70024858838791
12;[40, 80);8;0.355080840442685;1.70024858838791
12;[40, 80);10;0.340316564332803;1.70024858838791
12;[40, 80);33;0.344192186811647;1.70024858838791
12;[40, 80);66;0.328874250347643;1.70024858838791
12;[40, 80);100;0.317431936362484;1.70024858838791
12;[40, 80);300;0.30469774821771;1.70024858838791
12;[40, 80);1500;0.274061875289703;1.70024858838791
13;[0, 5);0;0.824240682988602;1.61032664452837
13;[0, 5);2;0.591722438451653;1.61032664452837
13;[0, 5);4;0.570173662425807;1.61032664452837
13;[0, 5);6;0.530377938958721;1.61032664452837
13;[0, 5);8;0.455652344675546;1.61032664452837
13;[0, 5);10;0.418984669341244;1.61032664452837
13;[0, 5);33;0.326185908068649;1.61032664452837
13;[0, 5);66;0.28082921014328;1.61032664452837
13;[0, 5);100;0.262408482250219;1.61032664452837
13;[0, 5);300;0.241033486676194;1.61032664452837
13;[0, 5);1500;0.198978617335431;1.61032664452837
13;[5, 40);0;0.603248666879682;1.65632399957628
13;[5, 40);2;0.536520000784159;1.65632399957628
13;[5, 40);4;0.484320963596533;1.65632399957628
13;[5, 40);6;0.424408666618295;1.65632399957628
13;[5, 40);8;0.388533039685219;1.65632399957628
13;[5, 40);10;0.36090880694675;1.65632399957628
13;[5, 40);33;0.265120883035435;1.65632399957628
13;[5, 40);66;0.240187322316947;1.65632399957628
13;[5, 40);100;0.229065877967694;1.65632399957628
13;[5, 40);300;0.215253761598459;1.65632399957628
13;[5, 40);1500;0.175073059433413;1.65632399957628
13;[40, 80);0;0.632488526729138;1.46692080652744
13;[40, 80);2;0.549383213788799;1.46692080652744
13;[40, 80);4;0.483882270574373;1.46692080652744
13;[40, 80);6;0.418222729434487;1.46692080652744
13;[40, 80);8;0.378573248069822;1.46692080652744
13;[40, 80);10;0.349549827710887;1.46692080652744
13;[40, 80);33;0.244875196908172;1.46692080652744
13;[40, 80);66;0.223305879045794;1.46692080652744
13;[40, 80);100;0.205225715543506;1.46692080652744
13;[40, 80);300;0.192537881506814;1.46692080652744
13;[40, 80);1500;0.16446604870063;1.46692080652744
14;[0, 5);0;0.635699258483553;1.34860429475022
14;[0, 5);2;0.502862239221101;1.34860429475022
14;[0, 5);4;0.430630293298301;1.34860429475022
14;[0, 5);6;0.341394046222649;1.34860429475022
14;[0, 5);8;0.307676115731523;1.34860429475022
14;[0, 5);10;0.28878244778391;1.34860429475022
14;[0, 5);33;0.249105745093921;1.34860429475022
14;[0, 5);66;0.224834648576602;1.34860429475022
14;[0, 5);100;0.218003860934003;1.34860429475022
14;[0, 5);300;0.200999559781151;1.34860429475022
14;[0, 5);1500;0.183995258628299;1.34860429475022
14;[5, 40);0;0.61721834997856;1.64196684441753
14;[5, 40);2;0.564941745544545;1.64196684441753
14;[5, 40);4;0.517272570653866;1.64196684441753
14;[5, 40);6;0.468717351620239;1.64196684441753
14;[5, 40);8;0.445680203903554;1.64196684441753
14;[5, 40);10;0.435047674188161;1.64196684441753
14;[5, 40);33;0.386846872811713;1.64196684441753
14;[5, 40);66;0.342190248007063;1.64196684441753
14;[5, 40);100;0.306216855803317;1.64196684441753
14;[5, 40);300;0.333861433063338;1.64196684441753
14;[5, 40);1500;0.273433222514189;1.64196684441753
14;[40, 80);0;0.650163139591842;1.43788475173323
14;[40, 80);2;0.574689438610022;1.43788475173323
14;[40, 80);4;0.515866636607697;1.43788475173323
14;[40, 80);6;0.465602707912588;1.43788475173323
14;[40, 80);8;0.429655440022278;1.43788475173323
14;[40, 80);10;0.407557985301827;1.43788475173323
14;[40, 80);33;0.307185743789923;1.43788475173323
14;[40, 80);66;0.262212754957457;1.43788475173323
14;[40, 80);100;0.245406240099649;1.43788475173323
14;[40, 80);300;0.245406240099649;1.43788475173323
14;[40, 80);1500;0.210081435722591;1.43788475173323
15;[0, 5);0;0.634499066249289;1.48171059451526
15;[0, 5);2;0.523425614732844;1.48171059451526
15;[0, 5);4;0.441404612240209;1.48171059451526
15;[0, 5);6;0.371903449658387;1.48171059451526
15;[0, 5);8;0.350073985198507;1.48171059451526
15;[0, 5);10;0.346382237532499;1.48171059451526
15;[0, 5);33;0.237074404465014;1.48171059451526
15;[0, 5);66;0.215886983077484;1.48171059451526
15;[0, 5);100;0.203206632398584;1.48171059451526
15;[0, 5);300;0.200959481645361;1.48171059451526
15;[0, 5);1500;0.179932571025918;1.48171059451526
15;[5, 40);0;0.611502087163099;1.64720126124946
15;[5, 40);2;0.549385218238745;1.64720126124946
15;[5, 40);4;0.508033642672387;1.64720126124946
15;[5, 40);6;0.467935145153496;1.64720126124946
15;[5, 40);8;0.448601940992601;1.64720126124946
15;[5, 40);10;0.432669948674828;1.64720126124946
15;[5, 40);33;0.303602909785895;1.64720126124946
15;[5, 40);66;0.297874552997482;1.64720126124946
15;[5, 40);100;0.276572226190571;1.64720126124946
15;[5, 40);300;0.27317101434745;1.64720126124946
15;[5, 40);1500;0.221436792102094;1.64720126124946
15;[40, 80);0;0.639837616139513;1.46283832971485
15;[40, 80);2;0.578001177335215;1.46283832971485
15;[40, 80);4;0.525367550572288;1.46283832971485
15;[40, 80);6;0.480806565950913;1.46283832971485
15;[40, 80);8;0.449807620127349;1.46283832971485
15;[40, 80);10;0.420261749889264;1.46283832971485
15;[40, 80);33;0.300140834822951;1.46283832971485
15;[40, 80);66;0.281250852211716;1.46283832971485
15;[40, 80);100;0.268657530470893;1.46283832971485
15;[40, 80);300;0.24234071708943;1.46283832971485
15;[40, 80);1500;0.230070301034268;1.46283832971485
16;[0, 5);0;0.611762279934044;1.70203882365046
16;[0, 5);2;0.529773520767626;1.70203882365046
16;[0, 5);4;0.483714567482994;1.70203882365046
16;[0, 5);6;0.437846730187096;1.70203882365046
16;[0, 5);8;0.399814648429247;1.70203882365046
16;[0, 5);10;0.37764519373623;1.70203882365046
16;[0, 5);33;0.292025230783886;1.70203882365046
16;[0, 5);66;0.274060327842992;1.70203882365046
16;[0, 5);100;0.273678095865527;1.70203882365046
16;[0, 5);300;0.273678095865527;1.70203882365046
16;[0, 5);1500;0.217107763200586;1.70203882365046
16;[5, 40);0;0.559691631643102;1.64813995266129
16;[5, 40);2;0.505556647227097;1.64813995266129
16;[5, 40);4;0.463886955275304;1.64813995266129
16;[5, 40);6;0.433614102147932;1.64813995266129
16;[5, 40);8;0.408861592826141;1.64813995266129
16;[5, 40);10;0.393012863835929;1.64813995266129
16;[5, 40);33;0.325878360135818;1.64813995266129
16;[5, 40);66;0.302550455667079;1.64813995266129
16;[5, 40);100;0.286167499856973;1.64813995266129
16;[5, 40);300;0.27031877086676;1.64813995266129
16;[5, 40);1500;0.251086605350548;1.64813995266129
16;[40, 80);0;0.620448107866385;1.55467275160606
16;[40, 80);2;0.564120621519737;1.55467275160606
16;[40, 80);4;0.515912412484317;1.55467275160606
16;[40, 80);6;0.472778751768415;1.55467275160606
16;[40, 80);8;0.439963339302199;1.55467275160606
16;[40, 80);10;0.418142781528273;1.55467275160606
16;[40, 80);33;0.337119160026637;1.55467275160606
16;[40, 80);66;0.307179324941482;1.55467275160606
16;[40, 80);100;0.274533064085916;1.55467275160606
16;[40, 80);300;0.26692124160664;1.55467275160606
16;[40, 80);1500;0.234613283972376;1.55467275160606
17;[0, 5);0;0.699015655808627;1.47347682961834
17;[0, 5);2;0.596705036766208;1.47347682961834
17;[0, 5);4;0.507223335472055;1.47347682961834
17;[0, 5);6;0.459435616859765;1.47347682961834
17;[0, 5);8;0.432334528116554;1.47347682961834
17;[0, 5);10;0.40314874023925;1.47347682961834
17;[0, 5);33;0.27181269479138;1.47347682961834
17;[0, 5);66;0.261389199120914;1.47347682961834
17;[0, 5);100;0.250324257563035;1.47347682961834
17;[0, 5);300;0.249041365788208;1.47347682961834
17;[0, 5);1500;0.227552928559863;1.47347682961834
17;[5, 40);0;0.634985320961411;1.69971056688981
17;[5, 40);2;0.54859907922734;1.69971056688981
17;[5, 40);4;0.512558367622157;1.69971056688981
17;[5, 40);6;0.48989359022096;1.69971056688981
17;[5, 40);8;0.475217217969365;1.69971056688981
17;[5, 40);10;0.453295548023945;1.69971056688981
17;[5, 40);33;0.337370784922739;1.69971056688981
17;[5, 40);66;0.322322858943256;1.69971056688981
17;[5, 40);100;0.309690032195048;1.69971056688981
17;[5, 40);300;0.301144296453612;1.69971056688981
17;[5, 40);1500;0.270305337038869;1.69971056688981
17;[40, 80);0;0.690588747102818;1.45907328171361
17;[40, 80);2;0.593746818154863;1.45907328171361
17;[40, 80);4;0.527015404930221;1.45907328171361
17;[40, 80);6;0.481768251573025;1.45907328171361
17;[40, 80);8;0.453122571749764;1.45907328171361
17;[40, 80);10;0.430498995071165;1.45907328171361
17;[40, 80);33;0.326495646167395;1.45907328171361
17;[40, 80);66;0.314614199422519;1.45907328171361
17;[40, 80);100;0.298989283155286;1.45907328171361
17;[40, 80);300;0.278318821010092;1.45907328171361
17;[40, 80);1500;0.252602812986937;1.45907328171361
18;[0, 5);0;0.654503566180536;1.7355035301496
18;[0, 5);2;0.586940679878096;1.7355035301496
18;[0, 5);4;0.541835316346608;1.7355035301496
18;[0, 5);6;0.471417660200403;1.7355035301496
18;[0, 5);8;0.439634555939819;1.7355035301496
18;[0, 5);10;0.416796397189699;1.7355035301496
18;[0, 5);33;0.345236833105988;1.7355035301496
18;[0, 5);66;0.338766021460121;1.7355035301496
18;[0, 5);100;0.328488850022566;1.7355035301496
18;[0, 5);300;0.315737544720416;1.7355035301496
18;[0, 5);1500;0.268158047324332;1.7355035301496
18;[5, 40);0;0.609601032373104;1.73866416097092
18;[5, 40);2;0.530269391173865;1.73866416097092
18;[5, 40);4;0.497056383494758;1.73866416097092
18;[5, 40);6;0.464602530276886;1.73866416097092
18;[5, 40);8;0.448090920744987;1.73866416097092
18;[5, 40);10;0.429112059214069;1.73866416097092
18;[5, 40);33;0.360598369087453;1.73866416097092
18;[5, 40);66;0.335925849097258;1.73866416097092
18;[5, 40);100;0.320173394026596;1.73866416097092
18;[5, 40);300;0.298727280496658;1.73866416097092
18;[5, 40);1500;0.247484354363178;1.73866416097092
18;[40, 80);0;0.647479576771071;1.54915480244135
18;[40, 80);2;0.562849452074409;1.54915480244135
18;[40, 80);4;0.531936652035508;1.54915480244135
18;[40, 80);6;0.498152171118677;1.54915480244135
18;[40, 80);8;0.474334112072311;1.54915480244135
18;[40, 80);10;0.456766181995558;1.54915480244135
18;[40, 80);33;0.369602221230134;1.54915480244135
18;[40, 80);66;0.346628774206688;1.54915480244135
18;[40, 80);100;0.330918990580362;1.54915480244135
18;[40, 80);300;0.292066837526006;1.54915480244135
18;[40, 80);1500;0.269769080120897;1.54915480244135
19;[0, 5);0;0.663970224310929;1.52308338129425
19;[0, 5);2;0.571843533128044;1.52308338129425
19;[0, 5);4;0.463430159039615;1.52308338129425
19;[0, 5);6;0.406509024844476;1.52308338129425
19;[0, 5);8;0.392525509218503;1.52308338129425
19;[0, 5);10;0.371467979805272;1.52308338129425
19;[0, 5);33;0.279341288622388;1.52308338129425
19;[0, 5);66;0.271280203143886;1.52308338129425
19;[0, 5);100;0.248413042296705;1.52308338129425
19;[0, 5);300;0.248413042296705;1.52308338129425
19;[0, 5);1500;0.18458240626285;1.52308338129425
19;[5, 40);0;0.596789499179029;1.74307326125629
19;[5, 40);2;0.516485231438024;1.74307326125629
19;[5, 40);4;0.469136016968092;1.74307326125629
19;[5, 40);6;0.433340010828823;1.74307326125629
19;[5, 40);8;0.408718419304458;1.74307326125629
19;[5, 40);10;0.388642352369206;1.74307326125629
19;[5, 40);33;0.317997324380067;1.74307326125629
19;[5, 40);66;0.28750443026143;1.74307326125629
19;[5, 40);100;0.277276999935925;1.74307326125629
19;[5, 40);300;0.275004237641368;1.74307326125629
19;[5, 40);1500;0.206063781373147;1.74307326125629
19;[40, 80);0;0.674938638046725;1.64493349932162
19;[40, 80);2;0.599826795943424;1.64493349932162
19;[40, 80);4;0.585943564464615;1.64493349932162
19;[40, 80);6;0.57223832313297;1.64493349932162
19;[40, 80);8;0.558889062095654;1.64493349932162
19;[40, 80);10;0.549099604001621;1.64493349932162
19;[40, 80);33;0.498728392354147;1.64493349932162
19;[40, 80);66;0.472563840721006;1.64493349932162
19;[40, 80);100;0.461528451596825;1.64493349932162
19;[40, 80);300;0.442127525555925;1.64493349932162
19;[40, 80);1500;0.407063466564573;1.64493349932162
20;[0, 5);0;0.624825730753714;1.6761674827525
20;[0, 5);2;0.551124613180789;1.6761674827525
20;[0, 5);4;0.51953841993525;1.6761674827525
20;[0, 5);6;0.449649429133338;1.6761674827525
20;[0, 5);8;0.408805213729623;1.6761674827525
20;[0, 5);10;0.382846445717485;1.6761674827525
20;[0, 5);33;0.283731149671138;1.6761674827525
20;[0, 5);66;0.257409321966522;1.6761674827525
20;[0, 5);100;0.236714919495306;1.6761674827525
20;[0, 5);300;0.21039309179069;1.6761674827525
20;[0, 5);1500;0.187701861010849;1.6761674827525
20;[5, 40);0;0.590748874837568;1.75933624245055
20;[5, 40);2;0.512339344671364;1.75933624245055
20;[5, 40);4;0.459173858363548;1.75933624245055
20;[5, 40);6;0.3974024480131;1.75933624245055
20;[5, 40);8;0.365847393190116;1.75933624245055
20;[5, 40);10;0.34461944721829;1.75933624245055
20;[5, 40);33;0.264106246730554;1.75933624245055
20;[5, 40);66;0.248615583453817;1.75933624245055
20;[5, 40);100;0.242113329732717;1.75933624245055
20;[5, 40);300;0.250910496531851;1.75933624245055
20;[5, 40);1500;0.199274952276059;1.75933624245055
20;[40, 80);0;0.626544940266475;1.53998474349808
20;[40, 80);2;0.548454792908574;1.53998474349808
20;[40, 80);4;0.498715845546853;1.53998474349808
20;[40, 80);6;0.453121810465276;1.53998474349808
20;[40, 80);8;0.424770610469095;1.53998474349808
20;[40, 80);10;0.401393305209086;1.53998474349808
20;[40, 80);33;0.309210456098697;1.53998474349808
20;[40, 80);66;0.286330540312306;1.53998474349808
20;[40, 80);100;0.270745670138966;1.53998474349808
20;[40, 80);300;0.236591592950585;1.53998474349808
20;[40, 80);1500;0.219514554356394;1.53998474349808
21;[0, 5);0;0.630167729733159;1.50373816946298
21;[0, 5);2;0.538954948552208;1.50373816946298
21;[0, 5);4;0.480050093442505;1.50373816946298
21;[0, 5);6;0.466343700563793;1.50373816946298
21;[0, 5);8;0.455737563217171;1.50373816946298
21;[0, 5);10;0.44986339484058;1.50373816946298
21;[0, 5);33;0.35832427097204;1.50373816946298
21;[0, 5);66;0.349349847063359;1.50373816946298
21;[0, 5);100;0.334990768809471;1.50373816946298
21;[0, 5);300;0.352939616626832;1.50373816946298
21;[0, 5);1500;0.349676189750948;1.50373816946298
21;[5, 40);0;0.647039169498849;1.68933988794398
21;[5, 40);2;0.558286812167871;1.68933988794398
21;[5, 40);4;0.498211085630951;1.68933988794398
21;[5, 40);6;0.466630492224836;1.68933988794398
21;[5, 40);8;0.443580288991638;1.68933988794398
21;[5, 40);10;0.438316856757285;1.68933988794398
21;[5, 40);33;0.374429679292041;1.68933988794398
21;[5, 40);66;0.36462880547635;1.68933988794398
21;[5, 40);100;0.358820880252237;1.68933988794398
21;[5, 40);300;0.363176824170322;1.68933988794398
21;[5, 40);1500;0.382778571801703;1.68933988794398
21;[40, 80);0;0.675454675885882;1.68933988794398
21;[40, 80);2;0.422121961395408;1.68933988794398
21;[40, 80);4;0.402028003430535;1.68933988794398
21;[40, 80);6;0.367049632158349;1.68933988794398
21;[40, 80);8;0.375384903610444;1.68933988794398
21;[40, 80);10;0.360053957903911;1.68933988794398
21;[40, 80);33;0.290841436024904;1.68933988794398
21;[40, 80);66;0.257202661950375;1.68933988794398
21;[40, 80);100;0.260477232877984;1.68933988794398
21;[40, 80);300;0.239490210114672;1.68933988794398
21;[40, 80);1500;0.206297968439364;1.68933988794398
22;[0, 5);0;0.627556672449813;1.54753975693196
22;[0, 5);2;0.453031055497867;1.54753975693196
22;[0, 5);4;0.382150919877537;1.54753975693196
22;[0, 5);6;0.349887084559792;1.54753975693196
22;[0, 5);8;0.345540661149111;1.54753975693196
22;[0, 5);10;0.33517611301595;1.54753975693196
22;[0, 5);33;0.265298998182699;1.54753975693196
22;[0, 5);66;0.271818633298721;1.54753975693196
22;[0, 5);100;0.2686424008063;1.54753975693196
22;[0, 5);300;0.26814089041276;1.54753975693196
22;[0, 5);1500;0.230026100503714;1.54753975693196
22;[5, 40);0;0.717799698728836;1.66268187469671
22;[5, 40);2;0.550739613184866;1.66268187469671
22;[5, 40);4;0.510911912100489;1.66268187469671
22;[5, 40);6;0.471805074384155;1.66268187469671
22;[5, 40);8;0.455585648603187;1.66268187469671
22;[5, 40);10;0.43468061092994;1.66268187469671
22;[5, 40);33;0.35592628797124;1.66268187469671
22;[5, 40);66;0.328173048301584;1.66268187469671
22;[5, 40);100;0.33213779682582;1.66268187469671
22;[5, 40);300;0.291769448215411;1.66268187469671
22;[5, 40);1500;0.256987790707336;1.66268187469671
22;[40, 80);0;0.647125605963294;1.36980610531172
22;[40, 80);2;0.541635267456948;1.36980610531172
22;[40, 80);4;0.485491950044608;1.36980610531172
22;[40, 80);6;0.433633254224262;1.36980610531172
22;[40, 80);8;0.402163447358924;1.36980610531172
22;[40, 80);10;0.380297102682538;1.36980610531172
22;[40, 80);33;0.30051449372816;1.36980610531172
22;[40, 80);66;0.277909421191086;1.36980610531172
22;[40, 80);100;0.303321659598777;1.36980610531172
22;[40, 80);300;0.235210950843279;1.36980610531172
22;[40, 80);1500;0.220879630345919;1.36980610531172
23;[0, 5);0;0.713441466034863;1.56894379630175
23;[0, 5);2;0.44651449285883;1.56894379630175
23;[0, 5);4;0.360190614406213;1.56894379630175
23;[0, 5);6;0.313981950058047;1.56894379630175
23;[0, 5);8;0.291977824177968;1.56894379630175
23;[0, 5);10;0.28012944870408;1.56894379630175
23;[0, 5);33;0.230874059234058;1.56894379630175
23;[0, 5);66;0.211239608448757;1.56894379630175
23;[0, 5);100;0.214963383597693;1.56894379630175
23;[0, 5);300;0.177556369601559;1.56894379630175
23;[0, 5);1500;0.14607354334237;1.56894379630175
23;[5, 40);0;0.644188157492266;1.60880673268965
23;[5, 40);2;0.449101134966191;1.60880673268965
23;[5, 40);4;0.358792754565381;1.60880673268965
23;[5, 40);6;0.281734252370095;1.60880673268965
23;[5, 40);8;0.293938087559394;1.60880673268965
23;[5, 40);10;0.281734252370095;1.60880673268965
23;[5, 40);33;0.207116517212669;1.60880673268965
23;[5, 40);66;0.193169276996328;1.60880673268965
23;[5, 40);100;0.186544337893566;1.60880673268965
23;[5, 40);300;0.180093739293508;1.60880673268965
23;[5, 40);1500;0.140344104676935;1.60880673268965
23;[40, 80);0;0.744064376313533;1.58625931862432
23;[40, 80);2;0.675719667849931;1.58625931862432
23;[40, 80);4;0.666446767706628;1.58625931862432
23;[40, 80);6;0.64652720443583;1.58625931862432
23;[40, 80);8;0.623860115196645;1.58625931862432
23;[40, 80);10;0.612354850204029;1.58625931862432
23;[40, 80);33;0.401653952503428;1.58625931862432
23;[40, 80);66;0.378643422518195;1.58625931862432
23;[40, 80);100;0.365077513049289;1.58625931862432
23;[40, 80);300;0.330218277325392;1.58625931862432
23;[40, 80);1500;0.305318823236894;1.58625931862432
24;[0, 5);0;0.67087511420583;1.70146289478901
24;[0, 5);2;0.555608926629925;1.70146289478901
24;[0, 5);4;0.525636017501038;1.70146289478901
24;[0, 5);6;0.478271420359093;1.70146289478901
24;[0, 5);8;0.460879732346035;1.70146289478901
24;[0, 5);10;0.439972703138849;1.70146289478901
24;[0, 5);33;0.346353616600473;1.70146289478901
24;[0, 5);66;0.346168598642887;1.70146289478901
24;[0, 5);100;0.339877988084972;1.70146289478901
24;[0, 5);300;0.304169522270928;1.70146289478901
24;[0, 5);1500;0.269016110329641;1.70146289478901
24;[5, 40);0;0.602409116350362;1.52038351687156
24;[5, 40);2;0.452012521883214;1.52038351687156
24;[5, 40);4;0.384383418681903;1.52038351687156
24;[5, 40);6;0.274301009821375;1.52038351687156
24;[5, 40);8;0.329095392707109;1.52038351687156
24;[5, 40);10;0.318399792444128;1.52038351687156
24;[5, 40);33;0.273313723643254;1.52038351687156
24;[5, 40);66;0.251593427724584;1.52038351687156
24;[5, 40);100;0.253732547777181;1.52038351687156
24;[5, 40);300;0.220164817721056;1.52038351687156
24;[5, 40);1500;0.191533518555538;1.52038351687156
24;[40, 80);0;0.638727574726682;1.5255229791852
24;[40, 80);2;0.516329700942604;1.5255229791852
24;[40, 80);4;0.456044181019102;1.5255229791852
24;[40, 80);6;0.482782386825394;1.5255229791852
24;[40, 80);8;0.463517592579867;1.5255229791852
24;[40, 80);10;0.452058361520028;1.5255229791852
24;[40, 80);33;0.395924736908063;1.5255229791852
24;[40, 80);66;0.376659942662536;1.5255229791852
24;[40, 80);100;0.378985004036997;1.5255229791852
24;[40, 80);300;0.364536408352852;1.5255229791852
24;[40, 80);1500;0.33314807979764;1.5255229791852
25;[0, 5);0;0.710849654432162;1.52901989556975
25;[0, 5);2;0.599623762683085;1.52901989556975
25;[0, 5);4;0.520603576903144;1.52901989556975
25;[0, 5);6;0.471132956393853;1.52901989556975
25;[0, 5);8;0.440753347154926;1.52901989556975
25;[0, 5);10;0.417014089662212;1.52901989556975
25;[0, 5);33;0.307614294643344;1.52901989556975
25;[0, 5);66;0.290349380103188;1.52901989556975
25;[0, 5);100;0.279226790928281;1.52901989556975
25;[0, 5);300;0.265614069848543;1.52901989556975
25;[0, 5);1500;0.184435769751082;1.52901989556975
25;[5, 40);0;0.698406351941844;1.65850400430484
25;[5, 40);2;0.619591580242842;1.65850400430484
25;[5, 40);4;0.547762663308069;1.65850400430484
25;[5, 40);6;0.473784252599687;1.65850400430484
25;[5, 40);8;0.444945211137097;1.65850400430484
25;[5, 40);10;0.425778891655749;1.65850400430484
25;[5, 40);33;0.332813285947152;1.65850400430484
25;[5, 40);66;0.297884012126003;1.65850400430484
25;[5, 40);100;0.281225435380532;1.65850400430484
25;[5, 40);300;0.249162153257529;1.65850400430484
25;[5, 40);1500;0.221935232125146;1.65850400430484
25;[40, 80);0;0.698658824413019;1.54935978840649
25;[40, 80);2;0.577985974779016;1.54935978840649
25;[40, 80);4;0.554288381745041;1.54935978840649
25;[40, 80);6;0.523027727104478;1.54935978840649
25;[40, 80);8;0.495968773356463;1.54935978840649
25;[40, 80);10;0.473447656572402;1.54935978840649
25;[40, 80);33;0.388909434614319;1.54935978840649
25;[40, 80);66;0.359497528366478;1.54935978840649
25;[40, 80);100;0.340337772296455;1.54935978840649
25;[40, 80);300;0.308909049620189;1.54935978840649
25;[40, 80);1500;0.269244993194529;1.54935978840649
26;[0, 5);0;0.605663840229865;1.52960079161452
26;[0, 5);2;0.524020021326802;1.52960079161452
26;[0, 5);4;0.449374244044002;1.52960079161452
26;[0, 5);6;0.411051635171135;1.52960079161452
26;[0, 5);8;0.390224130348925;1.52960079161452
26;[0, 5);10;0.384225808960129;1.52960079161452
26;[0, 5);33;0.354234202016146;1.52960079161452
26;[0, 5);66;0.339238398544155;1.52960079161452
26;[0, 5);100;0.486197272569669;1.52960079161452
26;[0, 5);300;0.321076814339188;1.52960079161452
26;[0, 5);1500;0.28575336616072;1.52960079161452
26;[5, 40);0;0.615033176409533;1.5821435272178
26;[5, 40);2;0.520161037495297;1.5821435272178
26;[5, 40);4;0.468506515400431;1.5821435272178
26;[5, 40);6;0.43579198474035;1.5821435272178
26;[5, 40);8;0.422189627255368;1.5821435272178
26;[5, 40);10;0.40118345493679;1.5821435272178
26;[5, 40);33;0.356244020714256;1.5821435272178
26;[5, 40);66;0.339714573643899;1.5821435272178
26;[5, 40);100;0.328350578783029;1.5821435272178
26;[5, 40);300;0.312165495193304;1.5821435272178
26;[5, 40);1500;0.27549078450595;1.5821435272178
26;[40, 80);0;0.61075395077037;1.58970351653558
26;[40, 80);2;0.562599669017712;1.58970351653558
26;[40, 80);4;0.555573599438142;1.58970351653558
26;[40, 80);6;0.547690692104967;1.58970351653558
26;[40, 80);8;0.541864195380446;1.58970351653558
26;[40, 80);10;0.534495390699434;1.58970351653558
26;[40, 80);33;0.503649231569618;1.58970351653558
26;[40, 80);66;0.488054784453988;1.58970351653558
26;[40, 80);100;0.480171877120813;1.58970351653558
26;[40, 80);300;0.462006916744365;1.58970351653558
26;[40, 80);1500;0.433559903324645;1.58970351653558
27;[0, 5);0;0.297742512920596;1.68293729084619
27;[0, 5);2;0.236522728384756;1.68293729084619
27;[0, 5);4;0.196012307163711;1.68293729084619
27;[0, 5);6;0.150597036736531;1.68293729084619
27;[0, 5);8;0.122984552316805;1.68293729084619
27;[0, 5);10;0.106090071717894;1.68293729084619
27;[0, 5);33;0.356237381230805;1.68293729084619
27;[0, 5);66;0.317361909745138;1.68293729084619
27;[0, 5);100;0.289204442080286;1.68293729084619
27;[0, 5);300;0.283027965302189;1.68293729084619
27;[0, 5);1500;0.262136940905686;1.68293729084619
27;[5, 40);0;0.612437432942224;1.64208890649716
27;[5, 40);2;0.479706587640258;1.64208890649716
27;[5, 40);4;0.444720468090555;1.64208890649716
27;[5, 40);6;0.413521505811696;1.64208890649716
27;[5, 40);8;0.387191745738209;1.64208890649716
27;[5, 40);10;0.366272210337355;1.64208890649716
27;[5, 40);33;0.279708615575203;1.64208890649716
27;[5, 40);66;0.251575447277504;1.64208890649716
27;[5, 40);100;0.242919087801289;1.64208890649716
27;[5, 40);300;0.233541365035389;1.64208890649716
27;[5, 40);1500;0.183947638869573;1.64208890649716
27;[40, 80);0;0.631293663745421;1.42383464362267
27;[40, 80);2;0.541726558810895;1.42383464362267
27;[40, 80);4;0.508061681438953;1.42383464362267
27;[40, 80);6;0.482581384345509;1.42383464362267
27;[40, 80);8;0.462969276885708;1.42383464362267
27;[40, 80);10;0.451850601790387;1.42383464362267
27;[40, 80);33;0.390080184594162;1.42383464362267
27;[40, 80);66;0.378189379283889;1.42383464362267
27;[40, 80);100;0.36753398231754;1.42383464362267
27;[40, 80);300;0.352245804061474;1.42383464362267
27;[40, 80);1500;0.322750429850277;1.42383464362267
28;[0, 5);0;0.705007590366539;1.47095751939505
28;[0, 5);2;0.594121965257601;1.47095751939505
28;[0, 5);4;0.560534870115908;1.47095751939505
28;[0, 5);6;0.506859799411002;1.47095751939505
28;[0, 5);8;0.484682674389214;1.47095751939505
28;[0, 5);10;0.470219331983701;1.47095751939505
28;[0, 5);33;0.229967144247668;1.47095751939505
28;[0, 5);66;0.328317872605161;1.47095751939505
28;[0, 5);100;0.315943679658221;1.47095751939505
28;[0, 5);300;0.288302625283239;1.47095751939505
28;[0, 5);1500;0.20104045943664;1.47095751939505
28;[5, 40);0;0.57975928807632;1.60197315695571
28;[5, 40);2;0.42858549521771;1.60197315695571
28;[5, 40);4;0.38217704563454;1.60197315695571
28;[5, 40);6;0.337327088761252;1.60197315695571
28;[5, 40);8;0.325032312938845;1.60197315695571
28;[5, 40);10;0.30996688340998;1.60197315695571
28;[5, 40);33;0.224422950223092;1.60197315695571
28;[5, 40);66;0.211089179260763;1.60197315695571
28;[5, 40);100;0.214032998823875;1.60197315695571
28;[5, 40);300;0.1769755055;1.60197315695571
28;[5, 40);1500;0.150827461145303;1.60197315695571
28;[40, 80);0;0.63404516366345;1.61823173241581
28;[40, 80);2;0.553503332576935;1.61823173241581
28;[40, 80);4;0.528489239662399;1.61823173241581
28;[40, 80);6;0.505781410633603;1.61823173241581
28;[40, 80);8;0.492653446976329;1.61823173241581
28;[40, 80);10;0.480767317719068;1.61823173241581
28;[40, 80);33;0.38071094606093;1.61823173241581
28;[40, 80);66;0.426481413947099;1.61823173241581
28;[40, 80);100;0.424529959889937;1.61823173241581
28;[40, 80);300;0.392597075318191;1.61823173241581
28;[40, 80);1500;0.368470006975094;1.61823173241581
29;[0, 5);0;0.599805904593575;1.57714299374881
29;[0, 5);2;0.532361975823636;1.57714299374881
29;[0, 5);4;0.475017518620768;1.57714299374881
29;[0, 5);6;0.430853727700351;1.57714299374881
29;[0, 5);8;0.407060057398266;1.57714299374881
29;[0, 5);10;0.377275175149612;1.57714299374881
29;[0, 5);33;0.290659368150654;1.57714299374881
29;[0, 5);66;0.287406995951088;1.57714299374881
29;[0, 5);100;0.271316312437448;1.57714299374881
29;[0, 5);300;0.345127977528672;1.57714299374881
29;[0, 5);1500;0.261559195838751;1.57714299374881
29;[5, 40);0;0.607738915856656;1.56363542906313
29;[5, 40);2;0.500629781366238;1.56363542906313
29;[5, 40);4;0.447665579429244;1.56363542906313
29;[5, 40);6;0.415617176983292;1.56363542906313
29;[5, 40);8;0.414773797971556;1.56363542906313
29;[5, 40);10;0.373279550594166;1.56363542906313
29;[5, 40);33;0.294845302502757;1.56363542906313
29;[5, 40);66;0.258580004998127;1.56363542906313
29;[5, 40);100;0.244579913403317;1.56363542906313
29;[5, 40);300;0.241375073158721;1.56363542906313
29;[5, 40);1500;0.186049409988868;1.56363542906313
29;[40, 80);0;0.601414497615494;1.51985885465733
29;[40, 80);2;0.558174472226518;1.51985885465733
29;[40, 80);4;0.528251717014375;1.51985885465733
29;[40, 80);6;0.501452765917785;1.51985885465733
29;[40, 80);8;0.493067818028667;1.51985885465733
29;[40, 80);10;0.469885903276403;1.51985885465733
29;[40, 80);33;0.396065479703588;1.51985885465733
29;[40, 80);66;0.381926155812136;1.51985885465733
29;[40, 80);100;0.374527672380562;1.51985885465733
29;[40, 80);300;0.354633972486774;1.51985885465733
29;[40, 80);1500;0.337042022993921;1.51985885465733
30;[0, 5);0;0.648653983625043;1.50471278168217
30;[0, 5);2;0.573521546748719;1.50471278168217
30;[0, 5);4;0.401926701509996;1.50471278168217
30;[0, 5);6;0.319790393399439;1.50471278168217
30;[0, 5);8;0.301803178638793;1.50471278168217
30;[0, 5);10;0.281269101611154;1.50471278168217
30;[0, 5);33;0.190537133349491;1.50471278168217
30;[0, 5);66;0.175892675314276;1.50471278168217
30;[0, 5);100;0.167774551838232;1.50471278168217
30;[0, 5);300;0.162840006195931;1.50471278168217
30;[0, 5);1500;0.110151793047492;1.50471278168217
30;[5, 40);0;0.643577148589448;1.66528673026362
30;[5, 40);2;0.548928137682664;1.66528673026362
30;[5, 40);4;0.434410059600792;1.66528673026362
30;[5, 40);6;0.373719090775069;1.66528673026362
30;[5, 40);8;0.347166791913814;1.66528673026362
30;[5, 40);10;0.317001935384362;1.66528673026362
30;[5, 40);33;0.221630412943939;1.66528673026362
30;[5, 40);66;0.201219462118621;1.66528673026362
30;[5, 40);100;0.194355602549045;1.66528673026362
30;[5, 40);300;0.181892278593762;1.66528673026362
30;[5, 40);1500;0.136735307741289;1.66528673026362
30;[40, 80);0;0.675756121494109;1.48888809556444
30;[40, 80);2;0.563812021929573;1.48888809556444
30;[40, 80);4;0.519296239646599;1.48888809556444
30;[40, 80);6;0.482636183648857;1.48888809556444
30;[40, 80);8;0.469543306506805;1.48888809556444
30;[40, 80);10;0.455632124543376;1.48888809556444
30;[40, 80);33;0.394750245832839;1.48888809556444
30;[40, 80);66;0.380020759048031;1.48888809556444
30;[40, 80);100;0.362018052977711;1.48888809556444
30;[40, 80);300;0.342706059193186;1.48888809556444
30;[40, 80);1500;0.311283154052264;1.48888809556444
31;[0, 5);0;0.642384596334577;1.53770605139678
31;[0, 5);2;0.545766457989722;1.53770605139678
31;[0, 5);4;0.50644707647199;1.53770605139678
31;[0, 5);6;0.47317683057237;1.53770605139678
31;[0, 5);8;0.453013045178661;1.53770605139678
31;[0, 5);10;0.42814437652642;1.53770605139678
31;[0, 5);33;0.349505613490955;1.53770605139678
31;[0, 5);66;0.328165607282613;1.53770605139678
31;[0, 5);100;0.32766151264777;1.53770605139678
31;[0, 5);300;0.335558995260306;1.53770605139678
31;[0, 5);1500;0.258096453039475;1.53770605139678
31;[5, 40);0;0.608920442743547;1.58625931862432
31;[5, 40);2;0.549161752931151;1.58625931862432
31;[5, 40);4;0.524777459961726;1.58625931862432
31;[5, 40);6;0.499191124381131;1.58625931862432
31;[5, 40);8;0.483392850062912;1.58625931862432
31;[5, 40);10;0.469311779474933;1.58625931862432
31;[5, 40);33;0.401653952503428;1.58625931862432
31;[5, 40);66;0.378643422518195;1.58625931862432
31;[5, 40);100;0.365077513049289;1.58625931862432
31;[5, 40);300;0.330218277325392;1.58625931862432
31;[5, 40);1500;0.305318823236894;1.58625931862432
31;[40, 80);0;0.612769867289042;1.35698880090599
31;[40, 80);2;0.524237279553152;1.35698880090599
31;[40, 80);4;0.483524133019089;1.35698880090599
31;[40, 80);6;0.45273018945878;1.35698880090599
31;[40, 80);8;0.432743735705694;1.35698880090599
31;[40, 80);10;0.413201425369344;1.35698880090599
31;[40, 80);33;0.362272980250371;1.35698880090599
31;[40, 80);66;0.317118399548956;1.35698880090599
31;[40, 80);100;0.316822303937799;1.35698880090599
31;[40, 80);300;0.298464376046076;1.35698880090599
31;[40, 80);1500;0.265745811013247;1.35698880090599
32;[0, 5);0;0.655933739137927;1.19339329572696
32;[0, 5);2;0.484347994790543;1.19339329572696
32;[0, 5);4;0.387297234413063;1.19339329572696
32;[0, 5);6;0.32194972242556;1.19339329572696
32;[0, 5);8;0.306939204820509;1.19339329572696
32;[0, 5);10;0.283388220302241;1.19339329572696
32;[0, 5);33;0.219334718453104;1.19339329572696
32;[0, 5);66;0.192289906561246;1.19339329572696
32;[0, 5);100;0.188796079187657;1.19339329572696
32;[0, 5);300;0.19060769338137;1.19339329572696
32;[0, 5);1500;0.156187023700824;1.19339329572696
32;[5, 40);0;0.641358146550528;1.58006691053372
32;[5, 40);2;0.550397531706594;1.58006691053372
32;[5, 40);4;0.510752433538766;1.58006691053372
32;[5, 40);6;0.475054682807562;1.58006691053372
32;[5, 40);8;0.450684102981452;1.58006691053372
32;[5, 40);10;0.425627027948972;1.58006691053372
32;[5, 40);33;0.344277345994209;1.58006691053372
32;[5, 40);66;0.315101299723513;1.58006691053372
32;[5, 40);100;0.307893100056635;1.58006691053372
32;[5, 40);300;0.295536186341988;1.58006691053372
32;[5, 40);1500;0.245250412475436;1.58006691053372
32;[40, 80);0;0.627828136940626;1.43094700024723
32;[40, 80);2;0.562736105956903;1.43094700024723
32;[40, 80);4;0.533289710988076;1.43094700024723
32;[40, 80);6;0.5039982970454;1.43094700024723
32;[40, 80);8;0.485865516985649;1.43094700024723
32;[40, 80);10;0.468507642056656;1.43094700024723
32;[40, 80);33;0.39783629413147;1.43094700024723
32;[40, 80);66;0.37257438686874;1.43094700024723
32;[40, 80);100;0.373349291999499;1.43094700024723
32;[40, 80);300;0.351496967312106;1.43094700024723
32;[40, 80);1500;0.316471255401816;1.43094700024723
33;[0, 5);0;0.644188076450131;1.45787939897281
33;[0, 5);2;0.586867586956153;1.45787939897281
33;[0, 5);4;0.540854152924001;1.45787939897281
33;[0, 5);6;0.480078729816687;1.45787939897281
33;[0, 5);8;0.447099818053028;1.45787939897281
33;[0, 5);10;0.418046967213615;1.45787939897281
33;[0, 5);33;0.310001770578391;1.45787939897281
33;[0, 5);66;0.282990471419585;1.45787939897281
33;[0, 5);100;0.277808070999581;1.45787939897281
33;[0, 5);300;0.257235511756537;1.45787939897281
33;[0, 5);1500;0.228025618480154;1.45787939897281
33;[5, 40);0;0.616992063451616;1.49396965592927
33;[5, 40);2;0.510385411691098;1.49396965592927
33;[5, 40);4;0.449397994826584;1.49396965592927
33;[5, 40);6;0.407175936997304;1.49396965592927
33;[5, 40);8;0.380322061136536;1.49396965592927
33;[5, 40);10;0.356541821669471;1.49396965592927
33;[5, 40);33;0.280995074518998;1.49396965592927
33;[5, 40);66;0.26902406961721;1.49396965592927
33;[5, 40);100;0.255111820677294;1.49396965592927
33;[5, 40);300;0.249935169908953;1.49396965592927
33;[5, 40);1500;0.208198423089206;1.49396965592927
33;[40, 80);0;0.622765800341684;1.40293706980161
33;[40, 80);2;0.506987422587359;1.40293706980161
33;[40, 80);4;0.480480267680448;1.40293706980161
33;[40, 80);6;0.458543311895418;1.40293706980161
33;[40, 80);8;0.444680374559045;1.40293706980161
33;[40, 80);10;0.42868467763246;1.40293706980161
33;[40, 80);33;0.376736747613743;1.40293706980161
33;[40, 80);66;0.359065311009136;1.40293706980161
33;[40, 80);100;0.350077252736103;1.40293706980161
33;[40, 80);300;0.333167515985143;1.40293706980161
33;[40, 80);1500;0.297519962834469;1.40293706980161
34;[0, 5);0;0.679520769902538;1.33904104844032
34;[0, 5);2;0.496132730103644;1.33904104844032
34;[0, 5);4;0.484833940921722;1.33904104844032
34;[0, 5);6;0.451372142190644;1.33904104844032
34;[0, 5);8;0.429353988913051;1.33904104844032
34;[0, 5);10;0.416461780743935;1.33904104844032
34;[0, 5);33;0.340991663259555;1.33904104844032
34;[0, 5);66;0.322305204227915;1.33904104844032
34;[0, 5);100;0.316366097093827;1.33904104844032
34;[0, 5);300;0.31274469030475;1.33904104844032
34;[0, 5);1500;0.284642573621507;1.33904104844032
34;[5, 40);0;0.666706982162585;1.47008263074927
34;[5, 40);2;0.58303248784135;1.47008263074927
34;[5, 40);4;0.561362533735472;1.47008263074927
34;[5, 40);6;0.531783837255187;1.47008263074927
34;[5, 40);8;0.513910079489025;1.47008263074927
34;[5, 40);10;0.499041643825138;1.47008263074927
34;[5, 40);33;0.409831029841817;1.47008263074927
34;[5, 40);66;0.397809741432717;1.47008263074927
34;[5, 40);100;0.391640922380679;1.47008263074927
34;[5, 40);300;0.37693066156428;1.47008263074927
34;[5, 40);1500;0.328529158232904;1.47008263074927
34;[40, 80);0;0.646151694663826;1.40661109267269
34;[40, 80);2;0.571572361781847;1.40661109267269
34;[40, 80);4;0.547877095122807;1.40661109267269
34;[40, 80);6;0.520688295558908;1.40661109267269
34;[40, 80);8;0.495777887019918;1.40661109267269
34;[40, 80);10;0.48089239899052;1.40661109267269
34;[40, 80);33;0.397199502008911;1.40661109267269
34;[40, 80);66;0.34980896869083;1.40661109267269
34;[40, 80);100;0.351935466980744;1.40661109267269
34;[40, 80);300;0.327784522116722;1.40661109267269
34;[40, 80);1500;0.286014019993415;1.40661109267269
35;[0, 5);0;0.629123780198644;1.62256636057618
35;[0, 5);2;0.520052389734247;1.62256636057618
35;[0, 5);4;0.428606935968896;1.62256636057618
35;[0, 5);6;0.361942502117056;1.62256636057618
35;[0, 5);8;0.337685024877774;1.62256636057618
35;[0, 5);10;0.293707440242529;1.62256636057618
35;[0, 5);33;0.208020955893698;1.62256636057618
35;[0, 5);66;0.205752270972039;1.62256636057618
35;[0, 5);100;0.189522448070937;1.62256636057618
35;[0, 5);300;0.193885303689513;1.62256636057618
35;[0, 5);1500;0.141531036266602;1.62256636057618
35;[5, 40);0;0.671850411304218;1.80039299574531
35;[5, 40);2;0.520828136062808;1.80039299574531
35;[5, 40);4;0.441044657760932;1.80039299574531
35;[5, 40);6;0.3964334725087;1.80039299574531
35;[5, 40);8;0.366626444500527;1.80039299574531
35;[5, 40);10;0.317941632087178;1.80039299574531
35;[5, 40);33;0.263295414072194;1.80039299574531
35;[5, 40);66;0.251968743429088;1.80039299574531
35;[5, 40);100;0.246802191907672;1.80039299574531
35;[5, 40);300;0.23209739142364;1.80039299574531
35;[5, 40);1500;0.185995854770999;1.80039299574531
35;[40, 80);0;0.642137028917249;1.78196126016344
35;[40, 80);2;0.555914363874892;1.78196126016344
35;[40, 80);4;0.537782528273143;1.78196126016344
35;[40, 80);6;0.520422260143809;1.78196126016344
35;[40, 80);8;0.510391883002416;1.78196126016344
35;[40, 80);10;0.49862547904809;1.78196126016344
35;[40, 80);33;0.450788295758369;1.78196126016344
35;[40, 80);66;0.43574273004628;1.78196126016344
35;[40, 80);100;0.432656460156621;1.78196126016344
35;[40, 80);300;0.398707491370368;1.78196126016344
35;[40, 80);1500;0.386555303679834;1.78196126016344
36;[0, 5);0;0.674164039968469;1.67470991873448
36;[0, 5);2;0.535622238874624;1.67470991873448
36;[0, 5);4;0.464896831229605;1.67470991873448
36;[0, 5);6;0.411261881987237;1.67470991873448
36;[0, 5);8;0.383626247123373;1.67470991873448
36;[0, 5);10;0.338900153856857;1.67470991873448
36;[0, 5);33;0.241266364897022;1.67470991873448
36;[0, 5);66;0.239811857798924;1.67470991873448
36;[0, 5);100;0.219266945038289;1.67470991873448
36;[0, 5);300;0.208903581964339;1.67470991873448
36;[0, 5);1500;0.173449971448198;1.67470991873448
36;[5, 40);0;0.603282671454847;1.69471252538536
36;[5, 40);2;0.425577177585669;1.69471252538536
36;[5, 40);4;0.383074420289124;1.69471252538536
36;[5, 40);6;0.351014150776643;1.69471252538536
36;[5, 40);8;0.335075616790439;1.69471252538536
36;[5, 40);10;0.311992222741453;1.69471252538536
36;[5, 40);33;0.27113827930555;1.69471252538536
36;[5, 40);66;0.255749349939559;1.69471252538536
36;[5, 40);100;0.241826032894139;1.69471252538536
36;[5, 40);300;0.224055483507221;1.69471252538536
36;[5, 40);1500;0.197857663277023;1.69471252538536
36;[40, 80);0;0.771809346242564;1.67569351178934
36;[40, 80);2;0.705571299833314;1.67569351178934
36;[40, 80);4;0.687605363957929;1.67569351178934
36;[40, 80);6;0.66256193819224;1.67569351178934
36;[40, 80);8;0.656028870601191;1.67569351178934
36;[40, 80);10;0.644414528217103;1.67569351178934
36;[40, 80);33;0.583257756600893;1.67569351178934
36;[40, 80);66;0.560029071832718;1.67569351178934
36;[40, 80);100;0.547507358949874;1.67569351178934
36;[40, 80);300;0.509942220301341;1.67569351178934
36;[40, 80);1500;0.482902579438387;1.67569351178934
37;[0, 5);0;0.583199279601716;1.38314772777229
37;[0, 5);2;0.35234956475937;1.38314772777229
37;[0, 5);4;0.326249596999417;1.38314772777229
37;[0, 5);6;0.278099656476744;1.38314772777229
37;[0, 5);8;0.269699666852851;1.38314772777229
37;[0, 5);10;0.266399670929179;1.38314772777229
37;[0, 5);33;0.239999703539801;1.38314772777229
37;[0, 5);66;0.219899728368342;1.38314772777229
37;[0, 5);100;0.217049731888807;1.38314772777229
37;[0, 5);300;0.201149751529295;1.38314772777229
37;[0, 5);1500;0.16799979247786;1.38314772777229
37;[5, 40);0;0;0
37;[5, 40);2;0;0
37;[5, 40);4;0;0
37;[5, 40);6;0;0
37;[5, 40);8;0;0
37;[5, 40);10;0;0
37;[5, 40);33;0;0
37;[5, 40);66;0;0
37;[5, 40);100;0;0
37;[5, 40);300;0;0
37;[5, 40);1500;0;0
37;[40, 80);0;0.621672763554685;1.25644987695973
37;[40, 80);2;0.431901828312921;1.25644987695973
37;[40, 80);4;0.389715437419291;1.25644987695973
37;[40, 80);6;0.361365097558298;1.25644987695973
37;[40, 80);8;0.342781381955638;1.25644987695973
37;[40, 80);10;0.338576307622189;1.25644987695973
37;[40, 80);33;0.304121827599739;1.25644987695973
37;[40, 80);66;0.27631407797532;1.25644987695973
37;[40, 80);100;0.277263610889325;1.25644987695973
37;[40, 80);300;0.255695648985507;1.25644987695973
37;[40, 80);1500;0.225174948178219;1.25644987695973
38;[0, 5);0;0.622196475652239;1.37240142190131
38;[0, 5);2;0.531342154648232;1.37240142190131
38;[0, 5);4;0.451900203493015;1.37240142190131
38;[0, 5);6;0.413513141274356;1.37240142190131
38;[0, 5);8;0.38624202371361;1.37240142190131
38;[0, 5);10;0.368011874474633;1.37240142190131
38;[0, 5);33;0.291682387823632;1.37240142190131
38;[0, 5);66;0.272118325225705;1.37240142190131
38;[0, 5);100;0.261447018354109;1.37240142190131
38;[0, 5);300;0.235213388961435;1.37240142190131
38;[0, 5);1500;0.196381688956459;1.37240142190131
38;[5, 40);0;0.599884147244914;1.60051662622322
38;[5, 40);2;0.53889649987998;1.60051662622322
38;[5, 40);4;0.501339135118523;1.60051662622322
38;[5, 40);6;0.49255277914222;1.60051662622322
38;[5, 40);8;0.478081134004778;1.60051662622322
38;[5, 40);10;0.465849148233844;1.60051662622322
38;[5, 40);33;0.40003761915643;1.60051662622322
38;[5, 40);66;0.379363840388656;1.60051662622322
38;[5, 40);100;0.372989425268592;1.60051662622322
38;[5, 40);300;0.334398371568747;1.60051662622322
38;[5, 40);1500;0.302870858947892;1.60051662622322
38;[40, 80);0;0.638353953284628;1.32640295174086
38;[40, 80);2;0.597919134141262;1.32640295174086
38;[40, 80);4;0.545583286668466;1.32640295174086
38;[40, 80);6;0.490666493292901;1.32640295174086
38;[40, 80);8;0.432738596364107;1.32640295174086
38;[40, 80);10;0.412807958559399;1.32640295174086
38;[40, 80);33;0.32878383083595;1.32640295174086
38;[40, 80);66;0.284764364605407;1.32640295174086
38;[40, 80);100;0.278168613964999;1.32640295174086
38;[40, 80);300;0.242895686627169;1.32640295174086
38;[40, 80);1500;0.222965048822461;1.32640295174086
39;[0, 5);0;0.579611030020469;1.49533672775333
39;[0, 5);2;0.501848554346906;1.49533672775333
39;[0, 5);4;0.436111203777503;1.49533672775333
39;[0, 5);6;0.430820148731673;1.49533672775333
39;[0, 5);8;0.41013693355252;1.49533672775333
39;[0, 5);10;0.392339748398364;1.49533672775333
39;[0, 5);33;0.307041527659529;1.49533672775333
39;[0, 5);66;0.300467792602589;1.49533672775333
39;[0, 5);100;0.274172852374828;1.49533672775333
39;[0, 5);300;0.236173457045685;1.49533672775333
39;[0, 5);1500;0.206030476784593;1.49533672775333
39;[5, 40);0;0.571485760640073;1.56837485099965
39;[5, 40);2;0.522249019527291;1.56837485099965
39;[5, 40);4;0.478615079989413;1.56837485099965
39;[5, 40);6;0.450091726517181;1.56837485099965
39;[5, 40);8;0.424115101033541;1.56837485099965
39;[5, 40);10;0.412400152286018;1.56837485099965
39;[5, 40);33;0.344657187789468;1.56837485099965
39;[5, 40);66;0.327509219332947;1.56837485099965
39;[5, 40);100;0.316982743646767;1.56837485099965
39;[5, 40);300;0.284384625392787;1.56837485099965
39;[5, 40);1500;0.250088688479746;1.56837485099965
39;[40, 80);0;0.635180522641711;1.42049499555332
39;[40, 80);2;0.560700358542475;1.42049499555332
39;[40, 80);4;0.499281434076507;1.42049499555332
39;[40, 80);6;0.463052043188988;1.42049499555332
39;[40, 80);8;0.433975235910163;1.42049499555332
39;[40, 80);10;0.411584539395988;1.42049499555332
39;[40, 80);33;0.328085900311875;1.42049499555332
39;[40, 80);66;0.307405604225866;1.42049499555332
39;[40, 80);100;0.296676728812824;1.42049499555332
39;[40, 80);300;0.270709740494301;1.42049499555332
39;[40, 80);1500;0.246297661655929;1.42049499555332
40;[0, 5);0;0.656825473160212;1.46159559904855
40;[0, 5);2;0.485198240149358;1.46159559904855
40;[0, 5);4;0.435778438923602;1.46159559904855
40;[0, 5);6;0.395832082022272;1.46159559904855
40;[0, 5);8;0.369148547175138;1.46159559904855
40;[0, 5);10;0.349412204832584;1.46159559904855
40;[0, 5);33;0.254677761588323;1.46159559904855
40;[0, 5);66;0.240941267317905;1.46159559904855
40;[0, 5);100;0.235257200723249;1.46159559904855
40;[0, 5);300;0.230836260038516;1.46159559904855
40;[0, 5);1500;0.161838007208947;1.46159559904855
40;[5, 40);0;0.675917932624805;1.71373562455362
40;[5, 40);2;0.394662226546535;1.71373562455362
40;[5, 40);4;0.363202278177432;1.71373562455362
40;[5, 40);6;0.350957388093649;1.71373562455362
40;[5, 40);8;0.340784710177891;1.71373562455362
40;[5, 40);10;0.334379690749451;1.71373562455362
40;[5, 40);33;0.264489625809707;1.71373562455362
40;[5, 40);66;0.2418836748858;1.71373562455362
40;[5, 40);100;0.233594826213701;1.71373562455362
40;[5, 40);300;0.216451980096406;1.71373562455362
40;[5, 40);1500;0.167472419761274;1.71373562455362
40;[40, 80);0;0.631532438502166;1.64456755075348
40;[40, 80);2;0.512193352527782;1.64456755075348
40;[40, 80);4;0.479142857160624;1.64456755075348
40;[40, 80);6;0.459491211266639;1.64456755075348
40;[40, 80);8;0.441626078635743;1.64456755075348
40;[40, 80);10;0.4267980185521;1.64456755075348
40;[40, 80);33;0.379276765753917;1.64456755075348
40;[40, 80);66;0.352479066807574;1.64456755075348
40;[40, 80);100;0.350692553544484;1.64456755075348
40;[40, 80);300;0.320679130724579;1.64456755075348
40;[40, 80);1500;0.270299456705453;1.64456755075348
41;[0, 5);0;0.644431508669573;1.2826582128787
41;[0, 5);2;0.528753619734711;1.2826582128787
41;[0, 5);4;0.492048135745765;1.2826582128787
41;[0, 5);6;0.449503142940395;1.2826582128787
41;[0, 5);8;0.429481969855515;1.2826582128787
41;[0, 5);10;0.421556922176083;1.2826582128787
41;[0, 5);33;0.356071001877622;1.2826582128787
41;[0, 5);66;0.354680642635616;1.2826582128787
41;[0, 5);100;0.336745008413744;1.2826582128787
41;[0, 5);300;0.343835840547973;1.2826582128787
41;[0, 5);1500;0.314082152769054;1.2826582128787
41;[5, 40);0;0.648591364489952;1.34631357495677
41;[5, 40);2;0.485415412055999;1.34631357495677
41;[5, 40);4;0.473224949362913;1.34631357495677
41;[5, 40);6;0.443850340463912;1.34631357495677
41;[5, 40);8;0.431659877770827;1.34631357495677
41;[5, 40);10;0.429456782103402;1.34631357495677
41;[5, 40);33;0.373351279106309;1.34631357495677
41;[5, 40);66;0.362482673813678;1.34631357495677
41;[5, 40);100;0.350439084165088;1.34631357495677
41;[5, 40);300;0.335164287537606;1.34631357495677
41;[5, 40);1500;0.286255563720769;1.34631357495677
41;[40, 80);0;0.71998355639563;1.34116509168434
41;[40, 80);2;0.537335861059746;1.34116509168434
41;[40, 80);4;0.499847312613717;1.34116509168434
41;[40, 80);6;0.478632862717902;1.34116509168434
41;[40, 80);8;0.455529454954652;1.34116509168434
41;[40, 80);10;0.440417792015167;1.34116509168434
41;[40, 80);33;0.349747814378261;1.34116509168434
41;[40, 80);66;0.322285273074774;1.34116509168434
41;[40, 80);100;0.327225624420375;1.34116509168434
41;[40, 80);300;0.305720565621878;1.34116509168434
41;[40, 80);1500;0.269394452786579;1.34116509168434
42;[0, 5);0;0.710268342919909;1.36986764599246
42;[0, 5);2;0.628914699246495;1.36986764599246
42;[0, 5);4;0.53705412742338;1.36986764599246
42;[0, 5);6;0.452698504278623;1.36986764599246
42;[0, 5);8;0.397161884058765;1.36986764599246
42;[0, 5);10;0.364140109873985;1.36986764599246
42;[0, 5);33;0.231902914161297;1.36986764599246
42;[0, 5);66;0.224397965482938;1.36986764599246
42;[0, 5);100;0.200982525606458;1.36986764599246
42;[0, 5);300;0.187623716958979;1.36986764599246
42;[0, 5);1500;0.167060157580274;1.36986764599246
42;[5, 40);0;0.638637146967024;1.54213924581567
42;[5, 40);2;0.53997223829214;1.54213924581567
42;[5, 40);4;0.480404138666997;1.54213924581567
42;[5, 40);6;0.464463379612381;1.54213924581567
42;[5, 40);8;0.44516667128311;1.54213924581567
42;[5, 40);10;0.432078469111951;1.54213924581567
42;[5, 40);33;0.360093357170582;1.54213924581567
42;[5, 40);66;0.344655990507164;1.54213924581567
42;[5, 40);100;0.326701661887755;1.54213924581567
42;[5, 40);300;0.297337105734515;1.54213924581567
42;[5, 40);1500;0.263777612987956;1.54213924581567
42;[40, 80);0;0.680720222358067;1.38161737226714
42;[40, 80);2;0.591511139576297;1.38161737226714
42;[40, 80);4;0.540598135592691;1.38161737226714
42;[40, 80);6;0.50259892562242;1.38161737226714
42;[40, 80);8;0.477068206423643;1.38161737226714
42;[40, 80);10;0.45346713460617;1.38161737226714
42;[40, 80);33;0.342438192974283;1.38161737226714
42;[40, 80);66;0.321360506193898;1.38161737226714
42;[40, 80);100;0.29998595058562;1.38161737226714
42;[40, 80);300;0.265994469791901;1.38161737226714
42;[40, 80);1500;0.244174610941784;1.38161737226714
43;[0, 5);0;0.65590957444412;1.31405428763636
43;[0, 5);2;0.578861245055426;1.31405428763636
43;[0, 5);4;0.515653078538406;1.31405428763636
43;[0, 5);6;0.494964175276627;1.31405428763636
43;[0, 5);8;0.462718022606544;1.31405428763636
43;[0, 5);10;0.436464517777804;1.31405428763636
43;[0, 5);33;0.3410101985907;1.31405428763636
43;[0, 5);66;0.33573096120666;1.31405428763636
43;[0, 5);100;0.322176162517908;1.31405428763636
43;[0, 5);300;0.31761033559117;1.31405428763636
43;[0, 5);1500;0.277944714165139;1.31405428763636
43;[5, 40);0;0.598509591435877;1.4630925078937
43;[5, 40);2;0.530280767385658;1.4630925078937
43;[5, 40);4;0.490295503058553;1.4630925078937
43;[5, 40);6;0.476808409932346;1.4630925078937
43;[5, 40);8;0.45983053976171;1.4630925078937
43;[5, 40);10;0.449199536944584;1.4630925078937
43;[5, 40);33;0.387317580247873;1.4630925078937
43;[5, 40);66;0.37779727921761;1.4630925078937
43;[5, 40);100;0.360660737363136;1.4630925078937
43;[5, 40);300;0.335431939632939;1.4630925078937
43;[5, 40);1500;0.308140410012851;1.4630925078937
43;[40, 80);0;0.644032726247804;1.30309536408423
43;[40, 80);2;0.581172887171766;1.30309536408423
43;[40, 80);4;0.527713961528974;1.30309536408423
43;[40, 80);6;0.487725001402476;1.30309536408423
43;[40, 80);8;0.454751648315715;1.30309536408423
43;[40, 80);10;0.440018873532269;1.30309536408423
43;[40, 80);33;0.351762536972384;1.30309536408423
43;[40, 80);66;0.311773576845887;1.30309536408423
43;[40, 80);100;0.302793599835024;1.30309536408423
43;[40, 80);300;0.278659911618331;1.30309536408423
43;[40, 80);1500;0.254666535542432;1.30309536408423
44;[0, 5);0;0.574500015633452;1.22928616702487
44;[0, 5);2;0.469912910803089;1.22928616702487
44;[0, 5);4;0.388390642779422;1.22928616702487
44;[0, 5);6;0.36201189263843;1.22928616702487
44;[0, 5);8;0.338151716631503;1.22928616702487
44;[0, 5);10;0.321714706493398;1.22928616702487
44;[0, 5);33;0.258485240075041;1.22928616702487
44;[0, 5);66;0.251194630739592;1.22928616702487
44;[0, 5);100;0.247615604338553;1.22928616702487
44;[0, 5);300;0.22335775873151;1.22928616702487
44;[0, 5);1500;0.203076609125622;1.22928616702487
44;[5, 40);0;0.620783527629378;1.50387321528402
44;[5, 40);2;0.521165647410318;1.50387321528402
44;[5, 40);4;0.482488558516131;1.50387321528402
44;[5, 40);6;0.464287575507103;1.50387321528402
44;[5, 40);8;0.447874189043603;1.50387321528402
44;[5, 40);10;0.435686030778628;1.50387321528402
44;[5, 40);33;0.379457993982879;1.50387321528402
44;[5, 40);66;0.360769484643251;1.50387321528402
44;[5, 40);100;0.347118747386479;1.50387321528402
44;[5, 40);300;0.323392465963995;1.50387321528402
44;[5, 40);1500;0.298203605549714;1.50387321528402
44;[40, 80);0;0.639521818365687;1.23801820533577
44;[40, 80);2;0.517296083946537;1.23801820533577
44;[40, 80);4;0.450774998399831;1.23801820533577
44;[40, 80);6;0.414810346457913;1.23801820533577
44;[40, 80);8;0.388986103898115;1.23801820533577
44;[40, 80);10;0.363702683172029;1.23801820533577
44;[40, 80);33;0.284337079074639;1.23801820533577
44;[40, 80);66;0.264461876685684;1.23801820533577
44;[40, 80);100;0.253375029094566;1.23801820533577
44;[40, 80);300;0.231066128453903;1.23801820533577
44;[40, 80);1500;0.208486816896383;1.23801820533577
45;[0, 5);0;0.653783518427158;1.18870349180918
45;[0, 5);2;0.454202082432085;1.18870349180918
45;[0, 5);4;0.362384334171466;1.18870349180918
45;[0, 5);6;0.317118441471552;1.18870349180918
45;[0, 5);8;0.291656376827851;1.18870349180918
45;[0, 5);10;0.27532464849578;1.18870349180918
45;[0, 5);33;0.193151621691108;1.18870349180918
45;[0, 5);66;0.180934974513574;1.18870349180918
45;[0, 5);100;0.171933234488024;1.18870349180918
45;[0, 5);300;0.155472909869873;1.18870349180918
45;[0, 5);1500;0.140427144398595;1.18870349180918
45;[5, 40);0;0.685342678387053;1.43383178034825
45;[5, 40);2;0.590349271308387;1.43383178034825
45;[5, 40);4;0.554050977546621;1.43383178034825
45;[5, 40);6;0.51064748585702;1.43383178034825
45;[5, 40);8;0.472495662201036;1.43383178034825
45;[5, 40);10;0.447936391102649;1.43383178034825
45;[5, 40);33;0.360202642776337;1.43383178034825
45;[5, 40);66;0.340122735588977;1.43383178034825
45;[5, 40);100;0.331627390240478;1.43383178034825
45;[5, 40);300;0.31726253356029;1.43383178034825
45;[5, 40);1500;0.235861679039223;1.43383178034825
45;[40, 80);0;0.689515588938984;1.34237818325594
45;[40, 80);2;0.554466450759768;1.34237818325594
45;[40, 80);4;0.502682903222639;1.34237818325594
45;[40, 80);6;0.467228826641821;1.34237818325594
45;[40, 80);8;0.440160154065594;1.34237818325594
45;[40, 80);10;0.420005761984382;1.34237818325594
45;[40, 80);33;0.344831350644971;1.34237818325594
45;[40, 80);66;0.312025296381392;1.34237818325594
45;[40, 80);100;0.282308601487926;1.34237818325594
45;[40, 80);300;0.248472760767643;1.34237818325594
45;[40, 80);1500;0.20742841485043;1.34237818325594
46;[0, 5);0;0.596764837507264;1.57331591246047
46;[0, 5);2;0.534723231769863;1.57331591246047
46;[0, 5);4;0.461027401750299;1.57331591246047
46;[0, 5);6;0.446288235746386;1.57331591246047
46;[0, 5);8;0.411668334202311;1.57331591246047
46;[0, 5);10;0.404470136851563;1.57331591246047
46;[0, 5);33;0.324947194690917;1.57331591246047
46;[0, 5);66;0.310036643035796;1.57331591246047
46;[0, 5);100;0.299924889614507;1.57331591246047
46;[0, 5);300;0.267018844582515;1.57331591246047
46;[0, 5);1500;0.248337808600811;1.57331591246047
46;[5, 40);0;0.569550385049986;1.61715578445623
46;[5, 40);2;0.523038566240049;1.61715578445623
46;[5, 40);4;0.46915506293948;1.61715578445623
46;[5, 40);6;0.444933813898833;1.61715578445623
46;[5, 40);8;0.424398407103503;1.61715578445623
46;[5, 40);10;0.419834983371207;1.61715578445623
46;[5, 40);33;0.339975068056032;1.61715578445623
46;[5, 40);66;0.329619606509668;1.61715578445623
46;[5, 40);100;0.318035530881533;1.61715578445623
46;[5, 40);300;0.285389499565879;1.61715578445623
46;[5, 40);1500;0.263098929796588;1.61715578445623
46;[40, 80);0;0.633004586414419;1.51040076265968
46;[40, 80);2;0.559498610594393;1.51040076265968
46;[40, 80);4;0.531277566306347;1.51040076265968
46;[40, 80);6;0.511096238123617;1.51040076265968
46;[40, 80);8;0.489110075713163;1.51040076265968
46;[40, 80);10;0.473194719341416;1.51040076265968
46;[40, 80);33;0.396407226743711;1.51040076265968
46;[40, 80);66;0.366381348227941;1.51040076265968
46;[40, 80);100;0.357849404605973;1.51040076265968
46;[40, 80);300;0.330776891190116;1.51040076265968
46;[40, 80);1500;0.302719922740954;1.51040076265968
47;[0, 5);0;0.639852250439546;1.47842841265892
47;[0, 5);2;0.568368383694744;1.47842841265892
47;[0, 5);4;0.534298122039093;1.47842841265892
47;[0, 5);6;0.501183101364441;1.47842841265892
47;[0, 5);8;0.474754767556786;1.47842841265892
47;[0, 5);10;0.462814255294292;1.47842841265892
47;[0, 5);33;0.35582726542234;1.47842841265892
47;[0, 5);66;0.327170035992353;1.47842841265892
47;[0, 5);100;0.320642555955522;1.47842841265892
47;[0, 5);300;0.304721872938863;1.47842841265892
47;[0, 5);1500;0.263646510755881;1.47842841265892
47;[5, 40);0;0;0
47;[5, 40);2;0;0
47;[5, 40);4;0;0
47;[5, 40);6;0;0
47;[5, 40);8;0;0
47;[5, 40);10;0;0
47;[5, 40);33;0;0
47;[5, 40);66;0;0
47;[5, 40);100;0;0
47;[5, 40);300;0;0
47;[5, 40);1500;0;0
47;[40, 80);0;0;0
47;[40, 80);2;0;0
47;[40, 80);4;0;0
47;[40, 80);6;0;0
47;[40, 80);8;0;0
47;[40, 80);10;0;0
47;[40, 80);33;0;0
47;[40, 80);66;0;0
47;[40, 80);100;0;0
47;[40, 80);300;0;0
47;[40, 80);1500;0;0
48;[0, 5);0;0.707355381744003;1.40621442555883
48;[0, 5);2;0.573299510176751;1.40621442555883
48;[0, 5);4;0.498534635519815;1.40621442555883
48;[0, 5);6;0.474940802123979;1.40621442555883
48;[0, 5);8;0.455789963328657;1.40621442555883
48;[0, 5);10;0.444146253341101;1.40621442555883
48;[0, 5);33;0.36846213842199;1.40621442555883
48;[0, 5);66;0.34226379094999;1.40621442555883
48;[0, 5);100;0.333990628590411;1.40621442555883
48;[0, 5);300;0.334143835300773;1.40621442555883
48;[0, 5);1500;0.299212705338106;1.40621442555883
48;[5, 40);0;0.680598353445895;1.52511145439944
48;[5, 40);2;0.593249708517732;1.52511145439944
48;[5, 40);4;0.561948411742349;1.52511145439944
48;[5, 40);6;0.540971626468793;1.52511145439944
48;[5, 40);8;0.524747394108778;1.52511145439944
48;[5, 40);10;0.525075156378678;1.52511145439944
48;[5, 40);33;0.488365782149956;1.52511145439944
48;[5, 40);66;0.466077947796804;1.52511145439944
48;[5, 40);100;0.457064485374573;1.52511145439944
48;[5, 40);300;0.433957245346672;1.52511145439944
48;[5, 40);1500;0.379548708543388;1.52511145439944
48;[40, 80);0;0.718308255270409;1.5250063957708
48;[40, 80);2;0.638056793853412;1.5250063957708
48;[40, 80);4;0.62289635350359;1.5250063957708
48;[40, 80);6;0.602957078695671;1.5250063957708
48;[40, 80);8;0.589609299692022;1.5250063957708
48;[40, 80);10;0.596530370286506;1.5250063957708
48;[40, 80);33;0.516608483659723;1.5250063957708
48;[40, 80);66;0.491396012208387;1.5250063957708
48;[40, 80);100;0.487276327330718;1.5250063957708
48;[40, 80);300;0.455966722260432;1.5250063957708
48;[40, 80);1500;0.407848802889255;1.5250063957708
49;[0, 5);0;0.66321706234205;1.40619874962887
49;[0, 5);2;0.615724041014715;1.40619874962887
49;[0, 5);4;0.590292294110399;1.40619874962887
49;[0, 5);6;0.564554140616875;1.40619874962887
49;[0, 5);8;0.531155822393136;1.40619874962887
49;[0, 5);10;0.506336888667238;1.40619874962887
49;[0, 5);33;0.394651686900698;1.40619874962887
49;[0, 5);66;0.372896819066886;1.40619874962887
49;[0, 5);100;0.35772969290106;1.40619874962887
49;[0, 5);300;0.337047248129478;1.40619874962887
49;[0, 5);1500;0.262130837067971;1.40619874962887
49;[5, 40);0;0.698197512087799;1.62192767837697
49;[5, 40);2;0.589174902318041;1.62192767837697
49;[5, 40);4;0.544764733801605;1.62192767837697
49;[5, 40);6;0.519686050404089;1.62192767837697
49;[5, 40);8;0.505405133469392;1.62192767837697
49;[5, 40);10;0.488337696157193;1.62192767837697
49;[5, 40);33;0.390635325421036;1.62192767837697
49;[5, 40);66;0.366253272117895;1.62192767837697
49;[5, 40);100;0.353017300324761;1.62192767837697
49;[5, 40);300;0.325326254073337;1.62192767837697
49;[5, 40);1500;0.288404859071438;1.62192767837697
49;[40, 80);0;0.72434727036029;1.6138338450757
49;[40, 80);2;0.625301721533192;1.6138338450757
49;[40, 80);4;0.587611822421996;1.6138338450757
49;[40, 80);6;0.567802712656577;1.6138338450757
49;[40, 80);8;0.549220715885476;1.6138338450757
49;[40, 80);10;0.536774284085965;1.6138338450757
49;[40, 80);33;0.489793386589218;1.6138338450757
49;[40, 80);66;0.457537845024287;1.6138338450757
49;[40, 80);100;0.443688998374127;1.6138338450757
49;[40, 80);300;0.409855740102216;1.6138338450757
49;[40, 80);1500;0.350603712662289;1.6138338450757
50;[0, 5);0;0.705562768933257;1.34490400304072
50;[0, 5);2;0.588694861733406;1.34490400304072
50;[0, 5);4;0.507830980602579;1.34490400304072
50;[0, 5);6;0.468487871470703;1.34490400304072
50;[0, 5);8;0.447582307946755;1.34490400304072
50;[0, 5);10;0.430161005010131;1.34490400304072
50;[0, 5);33;0.37238035027033;1.34490400304072
50;[0, 5);66;0.359459550592334;1.34490400304072
50;[0, 5);100;0.359024018018918;1.34490400304072
50;[0, 5);300;0.356556000102896;1.34490400304072
50;[0, 5);1500;0.295726617349186;1.34490400304072
50;[5, 40);0;0.689809011090878;1.51030753801221
50;[5, 40);2;0.639335181011058;1.51030753801221
50;[5, 40);4;0.601479808451193;1.51030753801221
50;[5, 40);6;0.568639463880028;1.51030753801221
50;[5, 40);8;0.540328822008333;1.51030753801221
50;[5, 40);10;0.51687143302893;1.51030753801221
50;[5, 40);33;0.418997499701073;1.51030753801221
50;[5, 40);66;0.411717620362637;1.51030753801221
50;[5, 40);100;0.396672536396537;1.51030753801221
50;[5, 40);300;0.372082721742266;1.51030753801221
50;[5, 40);1500;0.369170770006891;1.51030753801221
50;[40, 80);0;0.924796636577909;1.33232390707719
50;[40, 80);2;0.828613192537673;1.33232390707719
50;[40, 80);4;0.802055077392235;1.33232390707719
50;[40, 80);6;0.786263765684136;1.33232390707719
50;[40, 80);8;0.771908027767683;1.33232390707719
50;[40, 80);10;0.759992765297027;1.33232390707719
50;[40, 80);33;0.371239382519477;1.33232390707719
50;[40, 80);66;0.352576923228088;1.33232390707719
50;[40, 80);100;0.33965675910328;1.33232390707719
50;[40, 80);300;0.308935479962071;1.33232390707719
50;[40, 80);1500;0.287832545224884;1.33232390707719
